timestamp,segment_id,lat,lon,street_name,traffic_score,congestion_level,speed_avg,pixels_free,pixels_slow,pixels_moderate,pixels_heavy,pixels_jam,total_traffic_pixels,pct_free,pct_slow,pct_moderate,pct_heavy,pct_jam,weather_temp_c,weather_feels_c,weather_humidity,weather_wind_ms,weather_precip_1h,weather_visibility_m,weather_condition,weather_description,tile_x,tile_y,tile_z
2026-04-05T09:53:29Z,z14_x11688_y5999,43.333169,76.827393,,2.44,Low,55.1,1131,1008,0,0,0,2139,52.88,47.12,0.0,0.0,0.0,,,,,,,,,11688,5999,14
2026-04-05T09:53:29Z,z14_x11688_y6000,43.317185,76.827393,,1.55,Low,61.2,3640,90,0,0,0,3730,97.59,2.41,0.0,0.0,0.0,,,,,,,,,11688,6000,14
2026-04-05T09:53:29Z,z14_x11688_y6001,43.301196,76.827393,,1.5,Low,61.6,294,0,0,0,0,294,100.0,0.0,0.0,0.0,0.0,,,,,,,,,11688,6001,14
2026-04-05T09:53:29Z,z14_x11688_y6002,43.285203,76.827393,,1.5,Low,61.6,76,0,0,0,0,76,100.0,0.0,0.0,0.0,0.0,,,,,,,,,11688,6002,14
2026-04-05T09:53:29Z,z14_x11688_y6003,43.269206,76.827393,,1.5,Low,61.6,1840,0,0,0,0,1840,100.0,0.0,0.0,0.0,0.0,,,,,,,,,11688,6003,14
2026-04-05T09:53:29Z,z14_x11688_y6004,43.253205,76.827393,,1.5,Low,61.6,1159,2,0,0,0,1161,99.83,0.17,0.0,0.0,0.0,,,,,,,,,11688,6004,14
2026-04-05T09:53:29Z,z14_x11688_y6006,43.22119,76.827393,,1.5,Low,61.6,2044,0,0,0,0,2044,100.0,0.0,0.0,0.0,0.0,,,,,,,,,11688,6006,14
2026-04-05T09:53:29Z,z14_x11688_y6007,43.205176,76.827393,,1.5,Low,61.6,94,0,0,0,0,94,100.0,0.0,0.0,0.0,0.0,,,,,,,,,11688,6007,14
2026-04-05T09:53:29Z,z14_x11688_y6008,43.189158,76.827393,,1.5,Low,61.6,3156,0,0,0,0,3156,100.0,0.0,0.0,0.0,0.0,,,,,,,,,11688,6008,14
2026-04-05T09:53:29Z,z14_x11688_y6009,43.173135,76.827393,,1.5,Low,61.6,657,0,0,0,0,657,100.0,0.0,0.0,0.0,0.0,,,,,,,,,11688,6009,14
2026-04-05T09:53:29Z,z14_x11689_y5999,43.333169,76.849365,,1.64,Low,60.6,1810,139,0,0,0,1949,92.87,7.13,0.0,0.0,0.0,,,,,,,,,11689,5999,14
2026-04-05T09:53:29Z,z14_x11689_y6000,43.317185,76.849365,,1.5,Low,61.6,212,0,0,0,0,212,100.0,0.0,0.0,0.0,0.0,,,,,,,,,11689,6000,14
2026-04-05T09:53:29Z,z14_x11689_y6001,43.301196,76.849365,,1.5,Low,61.6,1504,0,0,0,0,1504,100.0,0.0,0.0,0.0,0.0,,,,,,,,,11689,6001,14
2026-04-05T09:53:29Z,z14_x11689_y6002,43.285203,76.849365,,1.5,Low,61.6,1319,0,0,0,0,1319,100.0,0.0,0.0,0.0,0.0,,,,,,,,,11689,6002,14
2026-04-05T09:53:29Z,z14_x11689_y6003,43.269206,76.849365,,1.5,Low,61.6,1530,0,0,0,0,1530,100.0,0.0,0.0,0.0,0.0,,,,,,,,,11689,6003,14
2026-04-05T09:53:29Z,z14_x11689_y6004,43.253205,76.849365,,1.5,Low,61.6,1900,0,0,0,0,1900,100.0,0.0,0.0,0.0,0.0,,,,,,,,,11689,6004,14
2026-04-05T09:53:29Z,z14_x11689_y6005,43.237199,76.849365,,1.7,Low,60.2,2921,333,0,0,0,3254,89.77,10.23,0.0,0.0,0.0,,,,,,,,,11689,6005,14
2026-04-05T09:53:29Z,z14_x11689_y6006,43.22119,76.849365,,1.51,Low,61.5,3350,10,0,0,0,3360,99.7,0.3,0.0,0.0,0.0,,,,,,,,,11689,6006,14
2026-04-05T09:53:29Z,z14_x11689_y6007,43.205176,76.849365,,1.61,Low,60.8,3687,215,0,0,0,3902,94.49,5.51,0.0,0.0,0.0,,,,,,,,,11689,6007,14
2026-04-05T09:53:29Z,z14_x11689_y6008,43.189158,76.849365,,1.6,Low,60.9,7159,361,0,0,0,7520,95.2,4.8,0.0,0.0,0.0,,,,,,,,,11689,6008,14
2026-04-05T09:53:29Z,z14_x11689_y6009,43.173135,76.849365,,1.62,Low,60.7,5624,369,0,0,0,5993,93.84,6.16,0.0,0.0,0.0,,,,,,,,,11689,6009,14
2026-04-05T09:53:29Z,z14_x11690_y5999,43.333169,76.871338,,1.5,Low,61.6,156,0,0,0,0,156,100.0,0.0,0.0,0.0,0.0,,,,,,,,,11690,5999,14
2026-04-05T09:53:29Z,z14_x11690_y6000,43.317185,76.871338,,1.5,Low,61.6,3555,0,0,0,0,3555,100.0,0.0,0.0,0.0,0.0,,,,,,,,,11690,6000,14
2026-04-05T09:53:29Z,z14_x11690_y6001,43.301196,76.871338,,1.5,Low,61.6,1,0,0,0,0,1,100.0,0.0,0.0,0.0,0.0,,,,,,,,,11690,6001,14
2026-04-05T09:53:29Z,z14_x11690_y6002,43.285203,76.871338,,0.0,Unknown,0.0,0,0,0,0,0,0,0.0,0.0,0.0,0.0,0.0,,,,,,,,,11690,6002,14
2026-04-05T09:53:29Z,z14_x11690_y6003,43.269206,76.871338,,0.0,Unknown,0.0,0,0,0,0,0,0,0.0,0.0,0.0,0.0,0.0,,,,,,,,,11690,6003,14
2026-04-05T09:53:29Z,z14_x11690_y6004,43.253205,76.871338,,1.5,Low,61.6,1685,0,0,0,0,1685,100.0,0.0,0.0,0.0,0.0,,,,,,,,,11690,6004,14
2026-04-05T09:53:29Z,z14_x11690_y6005,43.237199,76.871338,,1.5,Low,61.6,3682,0,0,0,0,3682,100.0,0.0,0.0,0.0,0.0,,,,,,,,,11690,6005,14
2026-04-05T09:53:29Z,z14_x11690_y6006,43.22119,76.871338,,1.5,Low,61.6,1400,0,0,0,0,1400,100.0,0.0,0.0,0.0,0.0,,,,,,,,,11690,6006,14
2026-04-05T09:53:29Z,z14_x11690_y6007,43.205176,76.871338,,1.5,Low,61.6,562,0,0,0,0,562,100.0,0.0,0.0,0.0,0.0,,,,,,,,,11690,6007,14
2026-04-05T09:53:29Z,z14_x11690_y6008,43.189158,76.871338,,1.5,Low,61.6,5027,0,0,0,0,5027,100.0,0.0,0.0,0.0,0.0,,,,,,,,,11690,6008,14
2026-04-05T09:53:29Z,z14_x11690_y6009,43.173135,76.871338,,1.59,Low,60.9,6561,303,0,0,0,6864,95.59,4.41,0.0,0.0,0.0,,,,,,,,,11690,6009,14
2026-04-05T09:53:29Z,z14_x11691_y5998,43.34915,76.893311,,1.5,Low,61.6,185,0,0,0,0,185,100.0,0.0,0.0,0.0,0.0,,,,,,,,,11691,5998,14
2026-04-05T09:53:29Z,z14_x11691_y5999,43.333169,76.893311,,1.51,Low,61.5,2634,17,0,0,0,2651,99.36,0.64,0.0,0.0,0.0,,,,,,,,,11691,5999,14
2026-04-05T09:53:29Z,z14_x11691_y6000,43.317185,76.893311,,1.76,Low,59.8,3430,522,0,0,0,3952,86.79,13.21,0.0,0.0,0.0,,,,,,,,,11691,6000,14
2026-04-05T09:53:29Z,z14_x11691_y6003,43.269206,76.893311,,1.5,Low,61.6,801,0,0,0,0,801,100.0,0.0,0.0,0.0,0.0,,,,,,,,,11691,6003,14
2026-04-05T09:53:29Z,z14_x11691_y6004,43.253205,76.893311,,1.5,Low,61.6,4917,2,0,0,0,4919,99.96,0.04,0.0,0.0,0.0,,,,,,,,,11691,6004,14
2026-04-05T09:53:29Z,z14_x11691_y6005,43.237199,76.893311,,1.5,Low,61.6,6091,0,0,0,0,6091,100.0,0.0,0.0,0.0,0.0,,,,,,,,,11691,6005,14
2026-04-05T09:53:29Z,z14_x11691_y6006,43.22119,76.893311,,1.67,Low,60.4,4783,443,0,0,0,5226,91.52,8.48,0.0,0.0,0.0,,,,,,,,,11691,6006,14
2026-04-05T09:53:29Z,z14_x11691_y6007,43.205176,76.893311,,1.5,Low,61.6,4005,0,0,0,0,4005,100.0,0.0,0.0,0.0,0.0,,,,,,,,,11691,6007,14
2026-04-05T09:53:29Z,z14_x11691_y6008,43.189158,76.893311,,1.6,Low,60.9,2537,128,0,0,0,2665,95.2,4.8,0.0,0.0,0.0,,,,,,,,,11691,6008,14
2026-04-05T09:53:29Z,z14_x11691_y6009,43.173135,76.893311,,1.64,Low,60.6,2590,195,0,0,0,2785,93.0,7.0,0.0,0.0,0.0,,,,,,,,,11691,6009,14
2026-04-05T09:53:29Z,z14_x11692_y5996,43.381098,76.915283,,1.73,Low,60.0,984,126,0,0,0,1110,88.65,11.35,0.0,0.0,0.0,,,,,,,,,11692,5996,14
2026-04-05T09:53:29Z,z14_x11692_y5997,43.365126,76.915283,,1.54,Low,61.3,2256,47,0,0,0,2303,97.96,2.04,0.0,0.0,0.0,,,,,,,,,11692,5997,14
2026-04-05T09:53:29Z,z14_x11692_y5998,43.34915,76.915283,,1.5,Low,61.6,1625,0,0,0,0,1625,100.0,0.0,0.0,0.0,0.0,,,,,,,,,11692,5998,14
2026-04-05T09:53:29Z,z14_x11692_y5999,43.333169,76.915283,,1.93,Low,58.6,1154,318,0,0,0,1472,78.4,21.6,0.0,0.0,0.0,,,,,,,,,11692,5999,14
2026-04-05T09:53:29Z,z14_x11692_y6000,43.317185,76.915283,,1.55,Low,61.2,2941,68,0,0,0,3009,97.74,2.26,0.0,0.0,0.0,,,,,,,,,11692,6000,14
2026-04-05T09:53:29Z,z14_x11692_y6002,43.285203,76.915283,,1.5,Low,61.6,854,0,0,0,0,854,100.0,0.0,0.0,0.0,0.0,,,,,,,,,11692,6002,14
2026-04-05T09:53:29Z,z14_x11692_y6003,43.269206,76.915283,,1.5,Low,61.6,4239,0,0,0,0,4239,100.0,0.0,0.0,0.0,0.0,,,,,,,,,11692,6003,14
2026-04-05T09:53:29Z,z14_x11692_y6004,43.253205,76.915283,,1.51,Low,61.5,4961,33,0,0,0,4994,99.34,0.66,0.0,0.0,0.0,,,,,,,,,11692,6004,14
2026-04-05T09:53:29Z,z14_x11692_y6005,43.237199,76.915283,,1.5,Low,61.6,6966,0,0,0,0,6966,100.0,0.0,0.0,0.0,0.0,,,,,,,,,11692,6005,14
2026-04-05T09:53:29Z,z14_x11692_y6006,43.22119,76.915283,,1.63,Low,60.7,7289,487,0,0,0,7776,93.74,6.26,0.0,0.0,0.0,,,,,,,,,11692,6006,14
2026-04-05T09:53:29Z,z14_x11692_y6007,43.205176,76.915283,,1.69,Low,60.2,3840,404,0,0,0,4244,90.48,9.52,0.0,0.0,0.0,,,,,,,,,11692,6007,14
2026-04-05T09:53:29Z,z14_x11692_y6008,43.189158,76.915283,,1.5,Low,61.6,3227,0,0,0,0,3227,100.0,0.0,0.0,0.0,0.0,,,,,,,,,11692,6008,14
2026-04-05T09:53:29Z,z14_x11692_y6009,43.173135,76.915283,,1.51,Low,61.5,1980,9,0,0,0,1989,99.55,0.45,0.0,0.0,0.0,,,,,,,,,11692,6009,14
2026-04-05T09:53:29Z,z14_x11693_y5999,43.333169,76.937256,,1.5,Low,61.6,170,0,0,0,0,170,100.0,0.0,0.0,0.0,0.0,,,,,,,,,11693,5999,14
2026-04-05T09:53:29Z,z14_x11693_y6000,43.317185,76.937256,,1.8,Low,59.5,1490,259,0,0,0,1749,85.19,14.81,0.0,0.0,0.0,,,,,,,,,11693,6000,14
2026-04-05T09:53:29Z,z14_x11693_y6001,43.301196,76.937256,,1.5,Low,61.6,132,0,0,0,0,132,100.0,0.0,0.0,0.0,0.0,,,,,,,,,11693,6001,14
2026-04-05T09:53:29Z,z14_x11693_y6002,43.285203,76.937256,,1.5,Low,61.6,1529,0,0,0,0,1529,100.0,0.0,0.0,0.0,0.0,,,,,,,,,11693,6002,14
2026-04-05T09:53:29Z,z14_x11693_y6003,43.269206,76.937256,,1.5,Low,61.6,946,0,0,0,0,946,100.0,0.0,0.0,0.0,0.0,,,,,,,,,11693,6003,14
2026-04-05T09:53:29Z,z14_x11693_y6004,43.253205,76.937256,,1.57,Low,61.1,2814,97,0,0,0,2911,96.67,3.33,0.0,0.0,0.0,,,,,,,,,11693,6004,14
2026-04-05T09:53:29Z,z14_x11693_y6005,43.237199,76.937256,,1.5,Low,61.6,2360,0,0,0,0,2360,100.0,0.0,0.0,0.0,0.0,,,,,,,,,11693,6005,14
2026-04-05T09:53:29Z,z14_x11693_y6006,43.22119,76.937256,,1.51,Low,61.5,2965,20,0,0,0,2985,99.33,0.67,0.0,0.0,0.0,,,,,,,,,11693,6006,14
2026-04-05T09:53:29Z,z14_x11693_y6007,43.205176,76.937256,,1.51,Low,61.5,6200,24,0,0,0,6224,99.61,0.39,0.0,0.0,0.0,,,,,,,,,11693,6007,14
2026-04-05T09:53:29Z,z14_x11693_y6008,43.189158,76.937256,,1.51,Low,61.5,6493,21,0,0,0,6514,99.68,0.32,0.0,0.0,0.0,,,,,,,,,11693,6008,14
2026-04-05T09:53:29Z,z14_x11693_y6009,43.173135,76.937256,,1.51,Low,61.5,8661,55,0,0,0,8716,99.37,0.63,0.0,0.0,0.0,,,,,,,,,11693,6009,14
2026-04-05T09:53:29Z,z14_x11694_y6000,43.317185,76.959229,,1.5,Low,61.6,1024,0,0,0,0,1024,100.0,0.0,0.0,0.0,0.0,,,,,,,,,11694,6000,14
2026-04-05T09:53:29Z,z14_x11694_y6001,43.301196,76.959229,,1.5,Low,61.6,1635,0,0,0,0,1635,100.0,0.0,0.0,0.0,0.0,,,,,,,,,11694,6001,14
2026-04-05T09:53:29Z,z14_x11694_y6002,43.285203,76.959229,,1.59,Low,60.9,1540,72,0,0,0,1612,95.53,4.47,0.0,0.0,0.0,,,,,,,,,11694,6002,14
2026-04-05T09:53:29Z,z14_x11694_y6003,43.269206,76.959229,,1.5,Low,61.6,1882,0,0,0,0,1882,100.0,0.0,0.0,0.0,0.0,,,,,,,,,11694,6003,14
2026-04-05T09:53:29Z,z14_x11694_y6004,43.253205,76.959229,,1.5,Low,61.6,3932,0,0,0,0,3932,100.0,0.0,0.0,0.0,0.0,,,,,,,,,11694,6004,14
2026-04-05T09:53:29Z,z14_x11694_y6005,43.237199,76.959229,,1.51,Low,61.5,4290,31,0,0,0,4321,99.28,0.72,0.0,0.0,0.0,,,,,,,,,11694,6005,14
2026-04-05T09:53:29Z,z14_x11694_y6006,43.22119,76.959229,,1.62,Low,60.7,4573,293,0,0,0,4866,93.98,6.02,0.0,0.0,0.0,,,,,,,,,11694,6006,14
2026-04-05T09:53:29Z,z14_x11694_y6007,43.205176,76.959229,,1.51,Low,61.5,1001,5,0,0,0,1006,99.5,0.5,0.0,0.0,0.0,,,,,,,,,11694,6007,14
2026-04-05T09:53:29Z,z14_x11694_y6008,43.189158,76.959229,,1.5,Low,61.6,4814,2,0,0,0,4816,99.96,0.04,0.0,0.0,0.0,,,,,,,,,11694,6008,14
2026-04-05T09:53:29Z,z14_x11694_y6009,43.173135,76.959229,,1.5,Low,61.6,4317,3,0,0,0,4320,99.93,0.07,0.0,0.0,0.0,,,,,,,,,11694,6009,14
2026-04-05T09:53:29Z,z14_x11695_y6000,43.317185,76.981201,,1.5,Low,61.6,1006,0,0,0,0,1006,100.0,0.0,0.0,0.0,0.0,,,,,,,,,11695,6000,14
2026-04-05T09:53:29Z,z14_x11695_y6001,43.301196,76.981201,,1.5,Low,61.6,2089,0,0,0,0,2089,100.0,0.0,0.0,0.0,0.0,,,,,,,,,11695,6001,14
2026-04-05T09:53:29Z,z14_x11695_y6002,43.285203,76.981201,,1.5,Low,61.6,3405,0,0,0,0,3405,100.0,0.0,0.0,0.0,0.0,,,,,,,,,11695,6002,14
2026-04-05T09:53:29Z,z14_x11695_y6003,43.269206,76.981201,,1.89,Low,58.9,1567,375,0,0,0,1942,80.69,19.31,0.0,0.0,0.0,,,,,,,,,11695,6003,14
2026-04-05T09:53:29Z,z14_x11695_y6004,43.253205,76.981201,,1.64,Low,60.6,2817,205,0,0,0,3022,93.22,6.78,0.0,0.0,0.0,,,,,,,,,11695,6004,14
2026-04-05T09:53:29Z,z14_x11695_y6005,43.237199,76.981201,,1.51,Low,61.5,5826,31,0,0,0,5857,99.47,0.53,0.0,0.0,0.0,,,,,,,,,11695,6005,14
2026-04-05T09:53:29Z,z14_x11695_y6006,43.22119,76.981201,,1.53,Low,61.3,3838,66,0,0,0,3904,98.31,1.69,0.0,0.0,0.0,,,,,,,,,11695,6006,14
2026-04-05T09:53:29Z,z14_x11695_y6007,43.205176,76.981201,,1.52,Low,61.4,5140,52,0,0,0,5192,99.0,1.0,0.0,0.0,0.0,,,,,,,,,11695,6007,14
2026-04-05T09:53:29Z,z14_x11695_y6008,43.189158,76.981201,,1.5,Low,61.6,1042,0,0,0,0,1042,100.0,0.0,0.0,0.0,0.0,,,,,,,,,11695,6008,14
2026-04-05T09:53:29Z,z14_x11695_y6009,43.173135,76.981201,,1.51,Low,61.5,3246,11,0,0,0,3257,99.66,0.34,0.0,0.0,0.0,,,,,,,,,11695,6009,14
2026-04-05T09:53:29Z,z14_x11696_y5996,43.381098,77.003174,,1.5,Low,61.6,2578,0,0,0,0,2578,100.0,0.0,0.0,0.0,0.0,,,,,,,,,11696,5996,14
2026-04-05T09:53:29Z,z14_x11696_y5997,43.365126,77.003174,,1.5,Low,61.6,1937,0,0,0,0,1937,100.0,0.0,0.0,0.0,0.0,,,,,,,,,11696,5997,14
2026-04-05T09:53:29Z,z14_x11696_y5998,43.34915,77.003174,,1.5,Low,61.6,2382,0,0,0,0,2382,100.0,0.0,0.0,0.0,0.0,,,,,,,,,11696,5998,14
2026-04-05T09:53:29Z,z14_x11696_y5999,43.333169,77.003174,,1.5,Low,61.6,1838,0,0,0,0,1838,100.0,0.0,0.0,0.0,0.0,,,,,,,,,11696,5999,14
2026-04-05T09:53:29Z,z14_x11696_y6000,43.317185,77.003174,,1.5,Low,61.6,1838,0,0,0,0,1838,100.0,0.0,0.0,0.0,0.0,,,,,,,,,11696,6000,14
2026-04-05T09:53:29Z,z14_x11696_y6001,43.301196,77.003174,,1.6,Low,60.9,4213,213,0,0,0,4426,95.19,4.81,0.0,0.0,0.0,,,,,,,,,11696,6001,14
2026-04-05T09:53:29Z,z14_x11696_y6002,43.285203,77.003174,,0.0,Unknown,0.0,0,0,0,0,0,0,0.0,0.0,0.0,0.0,0.0,,,,,,,,,11696,6002,14
2026-04-05T09:53:29Z,z14_x11696_y6003,43.269206,77.003174,,1.5,Low,61.6,650,0,0,0,0,650,100.0,0.0,0.0,0.0,0.0,,,,,,,,,11696,6003,14
2026-04-05T09:53:29Z,z14_x11696_y6004,43.253205,77.003174,,1.5,Low,61.6,2375,0,0,0,0,2375,100.0,0.0,0.0,0.0,0.0,,,,,,,,,11696,6004,14
2026-04-05T09:53:29Z,z14_x11696_y6005,43.237199,77.003174,,1.55,Low,61.2,977,23,0,0,0,1000,97.7,2.3,0.0,0.0,0.0,,,,,,,,,11696,6005,14
2026-04-05T09:53:29Z,z14_x11696_y6006,43.22119,77.003174,,1.5,Low,61.6,5799,0,0,0,0,5799,100.0,0.0,0.0,0.0,0.0,,,,,,,,,11696,6006,14
2026-04-05T09:53:29Z,z14_x11696_y6007,43.205176,77.003174,,1.5,Low,61.6,4541,0,0,0,0,4541,100.0,0.0,0.0,0.0,0.0,,,,,,,,,11696,6007,14
2026-04-05T09:53:29Z,z14_x11696_y6008,43.189158,77.003174,,1.54,Low,61.3,6665,129,0,0,0,6794,98.1,1.9,0.0,0.0,0.0,,,,,,,,,11696,6008,14
2026-04-05T09:53:29Z,z14_x11696_y6009,43.173135,77.003174,,1.57,Low,61.1,4285,146,0,0,0,4431,96.71,3.29,0.0,0.0,0.0,,,,,,,,,11696,6009,14
2026-04-05T09:53:29Z,z14_x11697_y5996,43.381098,77.025146,,1.5,Low,61.6,1589,0,0,0,0,1589,100.0,0.0,0.0,0.0,0.0,,,,,,,,,11697,5996,14
2026-04-05T09:53:29Z,z14_x11697_y5997,43.365126,77.025146,,1.5,Low,61.6,47,0,0,0,0,47,100.0,0.0,0.0,0.0,0.0,,,,,,,,,11697,5997,14
2026-04-05T09:53:29Z,z14_x11697_y5998,43.34915,77.025146,,1.5,Low,61.6,247,0,0,0,0,247,100.0,0.0,0.0,0.0,0.0,,,,,,,,,11697,5998,14
2026-04-05T09:53:29Z,z14_x11697_y5999,43.333169,77.025146,,0.0,Unknown,0.0,0,0,0,0,0,0,0.0,0.0,0.0,0.0,0.0,,,,,,,,,11697,5999,14
2026-04-05T09:53:29Z,z14_x11697_y6000,43.317185,77.025146,,1.5,Low,61.6,185,0,0,0,0,185,100.0,0.0,0.0,0.0,0.0,,,,,,,,,11697,6000,14
2026-04-05T09:53:29Z,z14_x11697_y6001,43.301196,77.025146,,1.59,Low,60.9,2938,132,0,0,0,3070,95.7,4.3,0.0,0.0,0.0,,,,,,,,,11697,6001,14
2026-04-05T09:53:29Z,z14_x11697_y6002,43.285203,77.025146,,1.73,Low,60.0,4896,631,0,0,0,5527,88.58,11.42,0.0,0.0,0.0,,,,,,,,,11697,6002,14
2026-04-05T09:53:29Z,z14_x11697_y6003,43.269206,77.025146,,1.64,Low,60.6,4261,318,0,0,0,4579,93.06,6.94,0.0,0.0,0.0,,,,,,,,,11697,6003,14
2026-04-05T09:53:29Z,z14_x11697_y6004,43.253205,77.025146,,1.62,Low,60.7,2314,145,0,0,0,2459,94.1,5.9,0.0,0.0,0.0,,,,,,,,,11697,6004,14
2026-04-05T09:53:29Z,z14_x11697_y6005,43.237199,77.025146,,1.54,Low,61.3,5365,100,0,0,0,5465,98.17,1.83,0.0,0.0,0.0,,,,,,,,,11697,6005,14
2026-04-05T09:53:29Z,z14_x11697_y6006,43.22119,77.025146,,1.54,Low,61.3,9070,176,0,0,0,9246,98.1,1.9,0.0,0.0,0.0,,,,,,,,,11697,6006,14
2026-04-05T09:53:29Z,z14_x11697_y6007,43.205176,77.025146,,1.58,Low,61.0,7521,327,0,0,0,7848,95.83,4.17,0.0,0.0,0.0,,,,,,,,,11697,6007,14
2026-04-05T09:53:29Z,z14_x11697_y6008,43.189158,77.025146,,1.5,Low,61.6,1201,0,0,0,0,1201,100.0,0.0,0.0,0.0,0.0,,,,,,,,,11697,6008,14
2026-04-05T09:53:29Z,z14_x11697_y6009,43.173135,77.025146,,1.5,Low,61.6,1163,0,0,0,0,1163,100.0,0.0,0.0,0.0,0.0,,,,,,,,,11697,6009,14
2026-04-05T09:53:29Z,z14_x11698_y5996,43.381098,77.047119,,1.87,Low,59.0,1481,331,0,0,0,1812,81.73,18.27,0.0,0.0,0.0,,,,,,,,,11698,5996,14
2026-04-05T09:53:29Z,z14_x11698_y5997,43.365126,77.047119,,1.61,Low,60.8,2090,124,0,0,0,2214,94.4,5.6,0.0,0.0,0.0,,,,,,,,,11698,5997,14
2026-04-05T09:53:29Z,z14_x11698_y5998,43.34915,77.047119,,1.55,Low,61.2,2854,71,0,0,0,2925,97.57,2.43,0.0,0.0,0.0,,,,,,,,,11698,5998,14
2026-04-05T09:53:29Z,z14_x11698_y5999,43.333169,77.047119,,1.79,Low,59.6,1087,188,0,0,0,1275,85.25,14.75,0.0,0.0,0.0,,,,,,,,,11698,5999,14
2026-04-05T09:53:29Z,z14_x11698_y6000,43.317185,77.047119,,1.71,Low,60.1,2046,235,0,0,0,2281,89.7,10.3,0.0,0.0,0.0,,,,,,,,,11698,6000,14
2026-04-05T09:53:29Z,z14_x11698_y6001,43.301196,77.047119,,1.54,Low,61.3,3944,77,0,0,0,4021,98.09,1.91,0.0,0.0,0.0,,,,,,,,,11698,6001,14
2026-04-05T09:53:29Z,z14_x11698_y6002,43.285203,77.047119,,1.58,Low,61.0,7410,290,0,0,0,7700,96.23,3.77,0.0,0.0,0.0,,,,,,,,,11698,6002,14
2026-04-05T09:53:29Z,z14_x11698_y6003,43.269206,77.047119,,1.5,Low,61.6,912,0,0,0,0,912,100.0,0.0,0.0,0.0,0.0,,,,,,,,,11698,6003,14
2026-04-05T09:53:29Z,z14_x11698_y6004,43.253205,77.047119,,1.51,Low,61.5,3757,11,0,0,0,3768,99.71,0.29,0.0,0.0,0.0,,,,,,,,,11698,6004,14
2026-04-05T09:53:29Z,z14_x11698_y6005,43.237199,77.047119,,1.5,Low,61.6,1122,0,0,0,0,1122,100.0,0.0,0.0,0.0,0.0,,,,,,,,,11698,6005,14
2026-04-05T09:53:29Z,z14_x11698_y6006,43.22119,77.047119,,1.5,Low,61.6,2371,2,0,0,0,2373,99.92,0.08,0.0,0.0,0.0,,,,,,,,,11698,6006,14
2026-04-05T09:53:29Z,z14_x11698_y6007,43.205176,77.047119,,1.56,Low,61.1,2913,92,0,0,0,3005,96.94,3.06,0.0,0.0,0.0,,,,,,,,,11698,6007,14
2026-04-05T09:53:29Z,z14_x11698_y6008,43.189158,77.047119,,1.5,Low,61.6,1402,0,0,0,0,1402,100.0,0.0,0.0,0.0,0.0,,,,,,,,,11698,6008,14
2026-04-05T09:53:29Z,z14_x11698_y6009,43.173135,77.047119,,1.5,Low,61.6,1156,0,0,0,0,1156,100.0,0.0,0.0,0.0,0.0,,,,,,,,,11698,6009,14
2026-04-05T09:53:29Z,z14_x11699_y5996,43.381098,77.069092,,1.5,Low,61.6,951,0,0,0,0,951,100.0,0.0,0.0,0.0,0.0,,,,,,,,,11699,5996,14
2026-04-05T09:53:29Z,z14_x11699_y5997,43.365126,77.069092,,1.5,Low,61.6,263,0,0,0,0,263,100.0,0.0,0.0,0.0,0.0,,,,,,,,,11699,5997,14
2026-04-05T09:53:29Z,z14_x11699_y5998,43.34915,77.069092,,1.5,Low,61.6,652,0,0,0,0,652,100.0,0.0,0.0,0.0,0.0,,,,,,,,,11699,5998,14
2026-04-05T09:53:29Z,z14_x11699_y5999,43.333169,77.069092,,1.5,Low,61.6,1446,0,0,0,0,1446,100.0,0.0,0.0,0.0,0.0,,,,,,,,,11699,5999,14
2026-04-05T09:53:29Z,z14_x11699_y6000,43.317185,77.069092,,1.5,Low,61.6,372,0,0,0,0,372,100.0,0.0,0.0,0.0,0.0,,,,,,,,,11699,6000,14
2026-04-05T09:53:29Z,z14_x11699_y6001,43.301196,77.069092,,1.5,Low,61.6,925,0,0,0,0,925,100.0,0.0,0.0,0.0,0.0,,,,,,,,,11699,6001,14
2026-04-05T09:53:29Z,z14_x11699_y6002,43.285203,77.069092,,1.5,Low,61.6,1758,0,0,0,0,1758,100.0,0.0,0.0,0.0,0.0,,,,,,,,,11699,6002,14
2026-04-05T09:53:29Z,z14_x11699_y6003,43.269206,77.069092,,1.5,Low,61.6,2880,0,0,0,0,2880,100.0,0.0,0.0,0.0,0.0,,,,,,,,,11699,6003,14
2026-04-05T09:53:29Z,z14_x11699_y6004,43.253205,77.069092,,1.5,Low,61.6,1477,0,0,0,0,1477,100.0,0.0,0.0,0.0,0.0,,,,,,,,,11699,6004,14
2026-04-05T09:53:29Z,z14_x11699_y6005,43.237199,77.069092,,1.5,Low,61.6,3620,0,0,0,0,3620,100.0,0.0,0.0,0.0,0.0,,,,,,,,,11699,6005,14
2026-04-05T09:53:29Z,z14_x11699_y6006,43.22119,77.069092,,1.52,Low,61.4,3268,34,0,0,0,3302,98.97,1.03,0.0,0.0,0.0,,,,,,,,,11699,6006,14
2026-04-05T09:53:29Z,z14_x11699_y6007,43.205176,77.069092,,1.5,Low,61.6,4411,0,0,0,0,4411,100.0,0.0,0.0,0.0,0.0,,,,,,,,,11699,6007,14
2026-04-05T09:53:29Z,z14_x11699_y6008,43.189158,77.069092,,1.5,Low,61.6,3798,0,0,0,0,3798,100.0,0.0,0.0,0.0,0.0,,,,,,,,,11699,6008,14
2026-04-05T09:53:29Z,z14_x11699_y6009,43.173135,77.069092,,1.51,Low,61.5,3206,14,0,0,0,3220,99.57,0.43,0.0,0.0,0.0,,,,,,,,,11699,6009,14
2026-04-05T18:18:38Z,z14_x11688_y5999,43.333169,76.827393,,2.38,Low,55.5,1027,799,0,0,0,1826,56.24,43.76,0.0,0.0,0.0,,,,,,,,,11688,5999,14
2026-04-05T18:18:38Z,z14_x11688_y6000,43.317185,76.827393,,1.5,Low,61.6,3380,0,0,0,0,3380,100.0,0.0,0.0,0.0,0.0,,,,,,,,,11688,6000,14
2026-04-05T18:18:38Z,z14_x11688_y6001,43.301196,76.827393,,1.5,Low,61.6,228,0,0,0,0,228,100.0,0.0,0.0,0.0,0.0,,,,,,,,,11688,6001,14
2026-04-05T18:18:38Z,z14_x11688_y6002,43.285203,76.827393,,1.5,Low,61.6,220,0,0,0,0,220,100.0,0.0,0.0,0.0,0.0,,,,,,,,,11688,6002,14
2026-04-05T18:18:38Z,z14_x11688_y6003,43.269206,76.827393,,1.5,Low,61.6,1405,0,0,0,0,1405,100.0,0.0,0.0,0.0,0.0,,,,,,,,,11688,6003,14
2026-04-05T18:18:38Z,z14_x11688_y6004,43.253205,76.827393,,1.65,Low,60.5,1187,95,0,0,0,1282,92.59,7.41,0.0,0.0,0.0,,,,,,,,,11688,6004,14
2026-04-05T18:18:38Z,z14_x11688_y6006,43.22119,76.827393,,1.5,Low,61.6,2044,0,0,0,0,2044,100.0,0.0,0.0,0.0,0.0,,,,,,,,,11688,6006,14
2026-04-05T18:18:38Z,z14_x11688_y6007,43.205176,76.827393,,1.5,Low,61.6,113,0,0,0,0,113,100.0,0.0,0.0,0.0,0.0,,,,,,,,,11688,6007,14
2026-04-05T18:18:38Z,z14_x11688_y6008,43.189158,76.827393,,1.5,Low,61.6,3356,0,0,0,0,3356,100.0,0.0,0.0,0.0,0.0,,,,,,,,,11688,6008,14
2026-04-05T18:18:38Z,z14_x11688_y6009,43.173135,76.827393,,1.5,Low,61.6,564,0,0,0,0,564,100.0,0.0,0.0,0.0,0.0,,,,,,,,,11688,6009,14
2026-04-05T18:18:38Z,z14_x11689_y5999,43.333169,76.849365,,1.64,Low,60.6,1943,146,0,0,0,2089,93.01,6.99,0.0,0.0,0.0,,,,,,,,,11689,5999,14
2026-04-05T18:18:38Z,z14_x11689_y6000,43.317185,76.849365,,1.5,Low,61.6,75,0,0,0,0,75,100.0,0.0,0.0,0.0,0.0,,,,,,,,,11689,6000,14
2026-04-05T18:18:38Z,z14_x11689_y6001,43.301196,76.849365,,1.5,Low,61.6,1524,0,0,0,0,1524,100.0,0.0,0.0,0.0,0.0,,,,,,,,,11689,6001,14
2026-04-05T18:18:38Z,z14_x11689_y6002,43.285203,76.849365,,1.5,Low,61.6,1319,0,0,0,0,1319,100.0,0.0,0.0,0.0,0.0,,,,,,,,,11689,6002,14
2026-04-05T18:18:38Z,z14_x11689_y6003,43.269206,76.849365,,1.5,Low,61.6,1531,0,0,0,0,1531,100.0,0.0,0.0,0.0,0.0,,,,,,,,,11689,6003,14
2026-04-05T18:18:38Z,z14_x11689_y6004,43.253205,76.849365,,1.5,Low,61.6,1962,0,0,0,0,1962,100.0,0.0,0.0,0.0,0.0,,,,,,,,,11689,6004,14
2026-04-05T18:18:38Z,z14_x11689_y6005,43.237199,76.849365,,1.69,Low,60.2,3131,324,0,0,0,3455,90.62,9.38,0.0,0.0,0.0,,,,,,,,,11689,6005,14
2026-04-05T18:18:38Z,z14_x11689_y6006,43.22119,76.849365,,1.53,Low,61.3,3245,42,0,0,0,3287,98.72,1.28,0.0,0.0,0.0,,,,,,,,,11689,6006,14
2026-04-05T18:18:38Z,z14_x11689_y6007,43.205176,76.849365,,1.56,Low,61.1,3087,100,0,0,0,3187,96.86,3.14,0.0,0.0,0.0,,,,,,,,,11689,6007,14
2026-04-05T18:18:38Z,z14_x11689_y6008,43.189158,76.849365,,1.55,Low,61.2,7609,189,0,0,0,7798,97.58,2.42,0.0,0.0,0.0,,,,,,,,,11689,6008,14
2026-04-05T18:18:38Z,z14_x11689_y6009,43.173135,76.849365,,1.53,Low,61.3,5521,97,0,0,0,5618,98.27,1.73,0.0,0.0,0.0,,,,,,,,,11689,6009,14
2026-04-05T18:18:38Z,z14_x11690_y5999,43.333169,76.871338,,1.5,Low,61.6,203,0,0,0,0,203,100.0,0.0,0.0,0.0,0.0,,,,,,,,,11690,5999,14
2026-04-05T18:18:38Z,z14_x11690_y6000,43.317185,76.871338,,1.5,Low,61.6,3461,0,0,0,0,3461,100.0,0.0,0.0,0.0,0.0,,,,,,,,,11690,6000,14
2026-04-05T18:18:38Z,z14_x11690_y6001,43.301196,76.871338,,1.5,Low,61.6,1,0,0,0,0,1,100.0,0.0,0.0,0.0,0.0,,,,,,,,,11690,6001,14
2026-04-05T18:18:38Z,z14_x11690_y6002,43.285203,76.871338,,0.0,Unknown,0.0,0,0,0,0,0,0,0.0,0.0,0.0,0.0,0.0,,,,,,,,,11690,6002,14
2026-04-05T18:18:38Z,z14_x11690_y6003,43.269206,76.871338,,0.0,Unknown,0.0,0,0,0,0,0,0,0.0,0.0,0.0,0.0,0.0,,,,,,,,,11690,6003,14
2026-04-05T18:18:38Z,z14_x11690_y6004,43.253205,76.871338,,1.5,Low,61.6,1319,0,0,0,0,1319,100.0,0.0,0.0,0.0,0.0,,,,,,,,,11690,6004,14
2026-04-05T18:18:38Z,z14_x11690_y6005,43.237199,76.871338,,1.51,Low,61.5,3192,22,0,0,0,3214,99.32,0.68,0.0,0.0,0.0,,,,,,,,,11690,6005,14
2026-04-05T18:18:38Z,z14_x11690_y6006,43.22119,76.871338,,1.5,Low,61.6,1400,0,0,0,0,1400,100.0,0.0,0.0,0.0,0.0,,,,,,,,,11690,6006,14
2026-04-05T18:18:38Z,z14_x11690_y6007,43.205176,76.871338,,1.5,Low,61.6,623,0,0,0,0,623,100.0,0.0,0.0,0.0,0.0,,,,,,,,,11690,6007,14
2026-04-05T18:18:38Z,z14_x11690_y6008,43.189158,76.871338,,1.52,Low,61.4,5296,63,0,0,0,5359,98.82,1.18,0.0,0.0,0.0,,,,,,,,,11690,6008,14
2026-04-05T18:18:38Z,z14_x11690_y6009,43.173135,76.871338,,1.52,Low,61.4,6951,86,0,0,0,7037,98.78,1.22,0.0,0.0,0.0,,,,,,,,,11690,6009,14
2026-04-05T18:18:38Z,z14_x11691_y5999,43.333169,76.893311,,1.5,Low,61.6,1937,0,0,0,0,1937,100.0,0.0,0.0,0.0,0.0,,,,,,,,,11691,5999,14
2026-04-05T18:18:38Z,z14_x11691_y6000,43.317185,76.893311,,1.58,Low,61.0,3924,160,0,0,0,4084,96.08,3.92,0.0,0.0,0.0,,,,,,,,,11691,6000,14
2026-04-05T18:18:38Z,z14_x11691_y6001,43.301196,76.893311,,1.5,Low,61.6,29,0,0,0,0,29,100.0,0.0,0.0,0.0,0.0,,,,,,,,,11691,6001,14
2026-04-05T18:18:38Z,z14_x11691_y6003,43.269206,76.893311,,1.5,Low,61.6,830,0,0,0,0,830,100.0,0.0,0.0,0.0,0.0,,,,,,,,,11691,6003,14
2026-04-05T18:18:38Z,z14_x11691_y6004,43.253205,76.893311,,1.5,Low,61.6,4883,0,0,0,0,4883,100.0,0.0,0.0,0.0,0.0,,,,,,,,,11691,6004,14
2026-04-05T18:18:38Z,z14_x11691_y6005,43.237199,76.893311,,1.5,Low,61.6,5994,0,0,0,0,5994,100.0,0.0,0.0,0.0,0.0,,,,,,,,,11691,6005,14
2026-04-05T18:18:38Z,z14_x11691_y6006,43.22119,76.893311,,1.62,Low,60.7,4972,318,0,0,0,5290,93.99,6.01,0.0,0.0,0.0,,,,,,,,,11691,6006,14
2026-04-05T18:18:38Z,z14_x11691_y6007,43.205176,76.893311,,1.5,Low,61.6,3864,0,0,0,0,3864,100.0,0.0,0.0,0.0,0.0,,,,,,,,,11691,6007,14
2026-04-05T18:18:38Z,z14_x11691_y6008,43.189158,76.893311,,1.6,Low,60.9,2511,126,0,0,0,2637,95.22,4.78,0.0,0.0,0.0,,,,,,,,,11691,6008,14
2026-04-05T18:18:38Z,z14_x11691_y6009,43.173135,76.893311,,1.61,Low,60.8,2862,160,0,0,0,3022,94.71,5.29,0.0,0.0,0.0,,,,,,,,,11691,6009,14
2026-04-05T18:18:38Z,z14_x11692_y5996,43.381098,76.915283,,1.5,Low,61.6,596,0,0,0,0,596,100.0,0.0,0.0,0.0,0.0,,,,,,,,,11692,5996,14
2026-04-05T18:18:38Z,z14_x11692_y5997,43.365126,76.915283,,1.5,Low,61.6,1568,0,0,0,0,1568,100.0,0.0,0.0,0.0,0.0,,,,,,,,,11692,5997,14
2026-04-05T18:18:38Z,z14_x11692_y5998,43.34915,76.915283,,1.7,Low,60.2,1304,147,0,0,0,1451,89.87,10.13,0.0,0.0,0.0,,,,,,,,,11692,5998,14
2026-04-05T18:18:38Z,z14_x11692_y5999,43.333169,76.915283,,2.15,Low,57.1,915,443,0,0,0,1358,67.38,32.62,0.0,0.0,0.0,,,,,,,,,11692,5999,14
2026-04-05T18:18:38Z,z14_x11692_y6000,43.317185,76.915283,,1.54,Low,61.3,2843,56,0,0,0,2899,98.07,1.93,0.0,0.0,0.0,,,,,,,,,11692,6000,14
2026-04-05T18:18:38Z,z14_x11692_y6002,43.285203,76.915283,,1.5,Low,61.6,81,0,0,0,0,81,100.0,0.0,0.0,0.0,0.0,,,,,,,,,11692,6002,14
2026-04-05T18:18:38Z,z14_x11692_y6003,43.269206,76.915283,,1.5,Low,61.6,3979,0,0,0,0,3979,100.0,0.0,0.0,0.0,0.0,,,,,,,,,11692,6003,14
2026-04-05T18:18:38Z,z14_x11692_y6004,43.253205,76.915283,,1.61,Low,60.8,4436,260,0,0,0,4696,94.46,5.54,0.0,0.0,0.0,,,,,,,,,11692,6004,14
2026-04-05T18:18:38Z,z14_x11692_y6005,43.237199,76.915283,,1.5,Low,61.6,7634,0,0,0,0,7634,100.0,0.0,0.0,0.0,0.0,,,,,,,,,11692,6005,14
2026-04-05T18:18:38Z,z14_x11692_y6006,43.22119,76.915283,,1.59,Low,60.9,7590,365,0,0,0,7955,95.41,4.59,0.0,0.0,0.0,,,,,,,,,11692,6006,14
2026-04-05T18:18:38Z,z14_x11692_y6007,43.205176,76.915283,,1.69,Low,60.2,3940,425,0,0,0,4365,90.26,9.74,0.0,0.0,0.0,,,,,,,,,11692,6007,14
2026-04-05T18:18:38Z,z14_x11692_y6008,43.189158,76.915283,,1.5,Low,61.6,2453,0,0,0,0,2453,100.0,0.0,0.0,0.0,0.0,,,,,,,,,11692,6008,14
2026-04-05T18:18:38Z,z14_x11692_y6009,43.173135,76.915283,,1.5,Low,61.6,1982,0,0,0,0,1982,100.0,0.0,0.0,0.0,0.0,,,,,,,,,11692,6009,14
2026-04-05T18:18:38Z,z14_x11693_y5999,43.333169,76.937256,,1.5,Low,61.6,335,0,0,0,0,335,100.0,0.0,0.0,0.0,0.0,,,,,,,,,11693,5999,14
2026-04-05T18:18:38Z,z14_x11693_y6000,43.317185,76.937256,,1.66,Low,60.5,1715,149,0,0,0,1864,92.01,7.99,0.0,0.0,0.0,,,,,,,,,11693,6000,14
2026-04-05T18:18:38Z,z14_x11693_y6001,43.301196,76.937256,,1.5,Low,61.6,14,0,0,0,0,14,100.0,0.0,0.0,0.0,0.0,,,,,,,,,11693,6001,14
2026-04-05T18:18:38Z,z14_x11693_y6002,43.285203,76.937256,,1.5,Low,61.6,911,0,0,0,0,911,100.0,0.0,0.0,0.0,0.0,,,,,,,,,11693,6002,14
2026-04-05T18:18:38Z,z14_x11693_y6003,43.269206,76.937256,,1.5,Low,61.6,1449,0,0,0,0,1449,100.0,0.0,0.0,0.0,0.0,,,,,,,,,11693,6003,14
2026-04-05T18:18:38Z,z14_x11693_y6004,43.253205,76.937256,,1.5,Low,61.6,3366,0,0,0,0,3366,100.0,0.0,0.0,0.0,0.0,,,,,,,,,11693,6004,14
2026-04-05T18:18:38Z,z14_x11693_y6005,43.237199,76.937256,,1.5,Low,61.6,1923,0,0,0,0,1923,100.0,0.0,0.0,0.0,0.0,,,,,,,,,11693,6005,14
2026-04-05T18:18:38Z,z14_x11693_y6006,43.22119,76.937256,,1.61,Low,60.8,2490,144,0,0,0,2634,94.53,5.47,0.0,0.0,0.0,,,,,,,,,11693,6006,14
2026-04-05T18:18:38Z,z14_x11693_y6007,43.205176,76.937256,,1.5,Low,61.6,5869,0,0,0,0,5869,100.0,0.0,0.0,0.0,0.0,,,,,,,,,11693,6007,14
2026-04-05T18:18:38Z,z14_x11693_y6008,43.189158,76.937256,,1.53,Low,61.3,5944,88,0,0,0,6032,98.54,1.46,0.0,0.0,0.0,,,,,,,,,11693,6008,14
2026-04-05T18:18:38Z,z14_x11693_y6009,43.173135,76.937256,,1.5,Low,61.6,8479,7,0,0,0,8486,99.92,0.08,0.0,0.0,0.0,,,,,,,,,11693,6009,14
2026-04-05T18:18:38Z,z14_x11694_y6000,43.317185,76.959229,,1.5,Low,61.6,1207,0,0,0,0,1207,100.0,0.0,0.0,0.0,0.0,,,,,,,,,11694,6000,14
2026-04-05T18:18:38Z,z14_x11694_y6001,43.301196,76.959229,,1.5,Low,61.6,1584,0,0,0,0,1584,100.0,0.0,0.0,0.0,0.0,,,,,,,,,11694,6001,14
2026-04-05T18:18:38Z,z14_x11694_y6002,43.285203,76.959229,,1.75,Low,59.8,1198,170,0,0,0,1368,87.57,12.43,0.0,0.0,0.0,,,,,,,,,11694,6002,14
2026-04-05T18:18:38Z,z14_x11694_y6003,43.269206,76.959229,,1.52,Low,61.4,2066,20,0,0,0,2086,99.04,0.96,0.0,0.0,0.0,,,,,,,,,11694,6003,14
2026-04-05T18:18:38Z,z14_x11694_y6004,43.253205,76.959229,,1.68,Low,60.3,3339,338,0,0,0,3677,90.81,9.19,0.0,0.0,0.0,,,,,,,,,11694,6004,14
2026-04-05T18:18:38Z,z14_x11694_y6005,43.237199,76.959229,,1.51,Low,61.5,4661,27,0,0,0,4688,99.42,0.58,0.0,0.0,0.0,,,,,,,,,11694,6005,14
2026-04-05T18:18:38Z,z14_x11694_y6006,43.22119,76.959229,,1.57,Low,61.1,4709,171,0,0,0,4880,96.5,3.5,0.0,0.0,0.0,,,,,,,,,11694,6006,14
2026-04-05T18:18:38Z,z14_x11694_y6007,43.205176,76.959229,,1.51,Low,61.5,1289,4,0,0,0,1293,99.69,0.31,0.0,0.0,0.0,,,,,,,,,11694,6007,14
2026-04-05T18:18:38Z,z14_x11694_y6008,43.189158,76.959229,,1.54,Low,61.3,4726,107,0,0,0,4833,97.79,2.21,0.0,0.0,0.0,,,,,,,,,11694,6008,14
2026-04-05T18:18:38Z,z14_x11694_y6009,43.173135,76.959229,,1.5,Low,61.6,3542,0,0,0,0,3542,100.0,0.0,0.0,0.0,0.0,,,,,,,,,11694,6009,14
2026-04-05T18:18:38Z,z14_x11695_y6000,43.317185,76.981201,,1.5,Low,61.6,852,0,0,0,0,852,100.0,0.0,0.0,0.0,0.0,,,,,,,,,11695,6000,14
2026-04-05T18:18:38Z,z14_x11695_y6001,43.301196,76.981201,,1.5,Low,61.6,2090,0,0,0,0,2090,100.0,0.0,0.0,0.0,0.0,,,,,,,,,11695,6001,14
2026-04-05T18:18:38Z,z14_x11695_y6002,43.285203,76.981201,,1.5,Low,61.6,3405,0,0,0,0,3405,100.0,0.0,0.0,0.0,0.0,,,,,,,,,11695,6002,14
2026-04-05T18:18:38Z,z14_x11695_y6003,43.269206,76.981201,,1.92,Low,58.7,1364,366,0,0,0,1730,78.84,21.16,0.0,0.0,0.0,,,,,,,,,11695,6003,14
2026-04-05T18:18:38Z,z14_x11695_y6004,43.253205,76.981201,,1.64,Low,60.6,2806,205,0,0,0,3011,93.19,6.81,0.0,0.0,0.0,,,,,,,,,11695,6004,14
2026-04-05T18:18:38Z,z14_x11695_y6005,43.237199,76.981201,,1.54,Low,61.3,5809,119,0,0,0,5928,97.99,2.01,0.0,0.0,0.0,,,,,,,,,11695,6005,14
2026-04-05T18:18:38Z,z14_x11695_y6006,43.22119,76.981201,,1.5,Low,61.6,4109,0,0,0,0,4109,100.0,0.0,0.0,0.0,0.0,,,,,,,,,11695,6006,14
2026-04-05T18:18:38Z,z14_x11695_y6007,43.205176,76.981201,,1.52,Low,61.4,4900,43,0,0,0,4943,99.13,0.87,0.0,0.0,0.0,,,,,,,,,11695,6007,14
2026-04-05T18:18:38Z,z14_x11695_y6008,43.189158,76.981201,,1.5,Low,61.6,939,0,0,0,0,939,100.0,0.0,0.0,0.0,0.0,,,,,,,,,11695,6008,14
2026-04-05T18:18:38Z,z14_x11695_y6009,43.173135,76.981201,,1.51,Low,61.5,3131,15,0,0,0,3146,99.52,0.48,0.0,0.0,0.0,,,,,,,,,11695,6009,14
2026-04-05T18:18:38Z,z14_x11696_y5996,43.381098,77.003174,,1.5,Low,61.6,2501,0,0,0,0,2501,100.0,0.0,0.0,0.0,0.0,,,,,,,,,11696,5996,14
2026-04-05T18:18:38Z,z14_x11696_y5997,43.365126,77.003174,,1.5,Low,61.6,1904,0,0,0,0,1904,100.0,0.0,0.0,0.0,0.0,,,,,,,,,11696,5997,14
2026-04-05T18:18:38Z,z14_x11696_y5998,43.34915,77.003174,,1.5,Low,61.6,2016,0,0,0,0,2016,100.0,0.0,0.0,0.0,0.0,,,,,,,,,11696,5998,14
2026-04-05T18:18:38Z,z14_x11696_y5999,43.333169,77.003174,,1.5,Low,61.6,1838,0,0,0,0,1838,100.0,0.0,0.0,0.0,0.0,,,,,,,,,11696,5999,14
2026-04-05T18:18:38Z,z14_x11696_y6000,43.317185,77.003174,,1.5,Low,61.6,1838,0,0,0,0,1838,100.0,0.0,0.0,0.0,0.0,,,,,,,,,11696,6000,14
2026-04-05T18:18:38Z,z14_x11696_y6001,43.301196,77.003174,,1.72,Low,60.0,3554,431,0,0,0,3985,89.18,10.82,0.0,0.0,0.0,,,,,,,,,11696,6001,14
2026-04-05T18:18:38Z,z14_x11696_y6002,43.285203,77.003174,,0.0,Unknown,0.0,0,0,0,0,0,0,0.0,0.0,0.0,0.0,0.0,,,,,,,,,11696,6002,14
2026-04-05T18:18:38Z,z14_x11696_y6003,43.269206,77.003174,,1.5,Low,61.6,650,0,0,0,0,650,100.0,0.0,0.0,0.0,0.0,,,,,,,,,11696,6003,14
2026-04-05T18:18:38Z,z14_x11696_y6004,43.253205,77.003174,,1.5,Low,61.6,2211,0,0,0,0,2211,100.0,0.0,0.0,0.0,0.0,,,,,,,,,11696,6004,14
2026-04-05T18:18:38Z,z14_x11696_y6005,43.237199,77.003174,,1.5,Low,61.6,775,0,0,0,0,775,100.0,0.0,0.0,0.0,0.0,,,,,,,,,11696,6005,14
2026-04-05T18:18:38Z,z14_x11696_y6006,43.22119,77.003174,,1.5,Low,61.6,5020,8,0,0,0,5028,99.84,0.16,0.0,0.0,0.0,,,,,,,,,11696,6006,14
2026-04-05T18:18:38Z,z14_x11696_y6007,43.205176,77.003174,,1.51,Low,61.5,4111,11,0,0,0,4122,99.73,0.27,0.0,0.0,0.0,,,,,,,,,11696,6007,14
2026-04-05T18:18:38Z,z14_x11696_y6008,43.189158,77.003174,,1.52,Low,61.4,6693,78,0,0,0,6771,98.85,1.15,0.0,0.0,0.0,,,,,,,,,11696,6008,14
2026-04-05T18:18:38Z,z14_x11696_y6009,43.173135,77.003174,,1.53,Low,61.3,4420,58,0,0,0,4478,98.7,1.3,0.0,0.0,0.0,,,,,,,,,11696,6009,14
2026-04-05T18:18:38Z,z14_x11697_y5996,43.381098,77.025146,,1.5,Low,61.6,1666,0,0,0,0,1666,100.0,0.0,0.0,0.0,0.0,,,,,,,,,11697,5996,14
2026-04-05T18:18:38Z,z14_x11697_y5997,43.365126,77.025146,,1.5,Low,61.6,364,0,0,0,0,364,100.0,0.0,0.0,0.0,0.0,,,,,,,,,11697,5997,14
2026-04-05T18:18:38Z,z14_x11697_y5998,43.34915,77.025146,,1.5,Low,61.6,103,0,0,0,0,103,100.0,0.0,0.0,0.0,0.0,,,,,,,,,11697,5998,14
2026-04-05T18:18:38Z,z14_x11697_y5999,43.333169,77.025146,,1.5,Low,61.6,80,0,0,0,0,80,100.0,0.0,0.0,0.0,0.0,,,,,,,,,11697,5999,14
2026-04-05T18:18:38Z,z14_x11697_y6000,43.317185,77.025146,,1.5,Low,61.6,89,0,0,0,0,89,100.0,0.0,0.0,0.0,0.0,,,,,,,,,11697,6000,14
2026-04-05T18:18:38Z,z14_x11697_y6001,43.301196,77.025146,,1.71,Low,60.1,2642,303,0,0,0,2945,89.71,10.29,0.0,0.0,0.0,,,,,,,,,11697,6001,14
2026-04-05T18:18:38Z,z14_x11697_y6002,43.285203,77.025146,,1.68,Low,60.3,4936,491,0,0,0,5427,90.95,9.05,0.0,0.0,0.0,,,,,,,,,11697,6002,14
2026-04-05T18:18:38Z,z14_x11697_y6003,43.269206,77.025146,,1.65,Low,60.5,4034,316,0,0,0,4350,92.74,7.26,0.0,0.0,0.0,,,,,,,,,11697,6003,14
2026-04-05T18:18:38Z,z14_x11697_y6004,43.253205,77.025146,,1.61,Low,60.8,2499,143,0,0,0,2642,94.59,5.41,0.0,0.0,0.0,,,,,,,,,11697,6004,14
2026-04-05T18:18:38Z,z14_x11697_y6005,43.237199,77.025146,,1.5,Low,61.6,5728,12,0,0,0,5740,99.79,0.21,0.0,0.0,0.0,,,,,,,,,11697,6005,14
2026-04-05T18:18:38Z,z14_x11697_y6006,43.22119,77.025146,,1.52,Low,61.4,9012,102,0,0,0,9114,98.88,1.12,0.0,0.0,0.0,,,,,,,,,11697,6006,14
2026-04-05T18:18:38Z,z14_x11697_y6007,43.205176,77.025146,,1.57,Low,61.1,6391,242,0,0,0,6633,96.35,3.65,0.0,0.0,0.0,,,,,,,,,11697,6007,14
2026-04-05T18:18:38Z,z14_x11697_y6008,43.189158,77.025146,,1.5,Low,61.6,1210,0,0,0,0,1210,100.0,0.0,0.0,0.0,0.0,,,,,,,,,11697,6008,14
2026-04-05T18:18:38Z,z14_x11697_y6009,43.173135,77.025146,,1.5,Low,61.6,949,0,0,0,0,949,100.0,0.0,0.0,0.0,0.0,,,,,,,,,11697,6009,14
2026-04-05T18:18:38Z,z14_x11698_y5996,43.381098,77.047119,,1.87,Low,59.0,1506,343,0,0,0,1849,81.45,18.55,0.0,0.0,0.0,,,,,,,,,11698,5996,14
2026-04-05T18:18:38Z,z14_x11698_y5997,43.365126,77.047119,,1.65,Low,60.5,1300,106,0,0,0,1406,92.46,7.54,0.0,0.0,0.0,,,,,,,,,11698,5997,14
2026-04-05T18:18:38Z,z14_x11698_y5998,43.34915,77.047119,,1.57,Low,61.1,1900,73,0,0,0,1973,96.3,3.7,0.0,0.0,0.0,,,,,,,,,11698,5998,14
2026-04-05T18:18:38Z,z14_x11698_y5999,43.333169,77.047119,,2.08,Low,57.6,737,298,0,0,0,1035,71.21,28.79,0.0,0.0,0.0,,,,,,,,,11698,5999,14
2026-04-05T18:18:38Z,z14_x11698_y6000,43.317185,77.047119,,2.07,Low,57.6,1262,501,0,0,0,1763,71.58,28.42,0.0,0.0,0.0,,,,,,,,,11698,6000,14
2026-04-05T18:18:38Z,z14_x11698_y6001,43.301196,77.047119,,1.54,Low,61.3,3479,78,0,0,0,3557,97.81,2.19,0.0,0.0,0.0,,,,,,,,,11698,6001,14
2026-04-05T18:18:38Z,z14_x11698_y6002,43.285203,77.047119,,1.59,Low,60.9,6955,334,0,0,0,7289,95.42,4.58,0.0,0.0,0.0,,,,,,,,,11698,6002,14
2026-04-05T18:18:38Z,z14_x11698_y6003,43.269206,77.047119,,1.5,Low,61.6,937,0,0,0,0,937,100.0,0.0,0.0,0.0,0.0,,,,,,,,,11698,6003,14
2026-04-05T18:18:38Z,z14_x11698_y6004,43.253205,77.047119,,1.5,Low,61.6,4265,0,0,0,0,4265,100.0,0.0,0.0,0.0,0.0,,,,,,,,,11698,6004,14
2026-04-05T18:18:38Z,z14_x11698_y6005,43.237199,77.047119,,1.5,Low,61.6,1403,0,0,0,0,1403,100.0,0.0,0.0,0.0,0.0,,,,,,,,,11698,6005,14
2026-04-05T18:18:38Z,z14_x11698_y6006,43.22119,77.047119,,1.5,Low,61.6,2684,2,0,0,0,2686,99.93,0.07,0.0,0.0,0.0,,,,,,,,,11698,6006,14
2026-04-05T18:18:38Z,z14_x11698_y6007,43.205176,77.047119,,1.59,Low,60.9,2362,110,0,0,0,2472,95.55,4.45,0.0,0.0,0.0,,,,,,,,,11698,6007,14
2026-04-05T18:18:38Z,z14_x11698_y6008,43.189158,77.047119,,1.5,Low,61.6,1402,0,0,0,0,1402,100.0,0.0,0.0,0.0,0.0,,,,,,,,,11698,6008,14
2026-04-05T18:18:38Z,z14_x11698_y6009,43.173135,77.047119,,1.5,Low,61.6,1145,0,0,0,0,1145,100.0,0.0,0.0,0.0,0.0,,,,,,,,,11698,6009,14
2026-04-05T18:18:38Z,z14_x11699_y5996,43.381098,77.069092,,1.74,Low,59.9,585,81,0,0,0,666,87.84,12.16,0.0,0.0,0.0,,,,,,,,,11699,5996,14
2026-04-05T18:18:38Z,z14_x11699_y5997,43.365126,77.069092,,1.5,Low,61.6,55,0,0,0,0,55,100.0,0.0,0.0,0.0,0.0,,,,,,,,,11699,5997,14
2026-04-05T18:18:38Z,z14_x11699_y5998,43.34915,77.069092,,1.5,Low,61.6,199,0,0,0,0,199,100.0,0.0,0.0,0.0,0.0,,,,,,,,,11699,5998,14
2026-04-05T18:18:38Z,z14_x11699_y5999,43.333169,77.069092,,1.5,Low,61.6,1333,0,0,0,0,1333,100.0,0.0,0.0,0.0,0.0,,,,,,,,,11699,5999,14
2026-04-05T18:18:38Z,z14_x11699_y6000,43.317185,77.069092,,1.5,Low,61.6,327,0,0,0,0,327,100.0,0.0,0.0,0.0,0.0,,,,,,,,,11699,6000,14
2026-04-05T18:18:38Z,z14_x11699_y6001,43.301196,77.069092,,1.5,Low,61.6,299,0,0,0,0,299,100.0,0.0,0.0,0.0,0.0,,,,,,,,,11699,6001,14
2026-04-05T18:18:38Z,z14_x11699_y6002,43.285203,77.069092,,1.5,Low,61.6,1798,0,0,0,0,1798,100.0,0.0,0.0,0.0,0.0,,,,,,,,,11699,6002,14
2026-04-05T18:18:38Z,z14_x11699_y6003,43.269206,77.069092,,1.5,Low,61.6,3443,0,0,0,0,3443,100.0,0.0,0.0,0.0,0.0,,,,,,,,,11699,6003,14
2026-04-05T18:18:38Z,z14_x11699_y6004,43.253205,77.069092,,1.5,Low,61.6,1072,0,0,0,0,1072,100.0,0.0,0.0,0.0,0.0,,,,,,,,,11699,6004,14
2026-04-05T18:18:38Z,z14_x11699_y6005,43.237199,77.069092,,1.5,Low,61.6,2835,0,0,0,0,2835,100.0,0.0,0.0,0.0,0.0,,,,,,,,,11699,6005,14
2026-04-05T18:18:38Z,z14_x11699_y6006,43.22119,77.069092,,1.58,Low,61.0,3050,130,0,0,0,3180,95.91,4.09,0.0,0.0,0.0,,,,,,,,,11699,6006,14
2026-04-05T18:18:38Z,z14_x11699_y6007,43.205176,77.069092,,1.5,Low,61.6,4680,0,0,0,0,4680,100.0,0.0,0.0,0.0,0.0,,,,,,,,,11699,6007,14
2026-04-05T18:18:38Z,z14_x11699_y6008,43.189158,77.069092,,1.68,Low,60.3,3784,372,0,0,0,4156,91.05,8.95,0.0,0.0,0.0,,,,,,,,,11699,6008,14
2026-04-05T18:18:38Z,z14_x11699_y6009,43.173135,77.069092,,1.54,Low,61.3,3210,59,0,0,0,3269,98.2,1.8,0.0,0.0,0.0,,,,,,,,,11699,6009,14
2026-04-05T18:30:19Z,z14_x11688_y5999,43.333169,76.827393,,2.69,Low,53.4,651,948,0,0,0,1599,40.71,59.29,0.0,0.0,0.0,,,,,,,,,11688,5999,14
2026-04-05T18:30:19Z,z14_x11688_y6000,43.317185,76.827393,,1.5,Low,61.6,3352,7,0,0,0,3359,99.79,0.21,0.0,0.0,0.0,,,,,,,,,11688,6000,14
2026-04-05T18:30:19Z,z14_x11688_y6001,43.301196,76.827393,,1.5,Low,61.6,228,0,0,0,0,228,100.0,0.0,0.0,0.0,0.0,,,,,,,,,11688,6001,14
2026-04-05T18:30:19Z,z14_x11688_y6002,43.285203,76.827393,,1.5,Low,61.6,190,0,0,0,0,190,100.0,0.0,0.0,0.0,0.0,,,,,,,,,11688,6002,14
2026-04-05T18:30:19Z,z14_x11688_y6003,43.269206,76.827393,,1.53,Low,61.3,1517,22,0,0,0,1539,98.57,1.43,0.0,0.0,0.0,,,,,,,,,11688,6003,14
2026-04-05T18:30:19Z,z14_x11688_y6004,43.253205,76.827393,,1.64,Low,60.6,1208,94,0,0,0,1302,92.78,7.22,0.0,0.0,0.0,,,,,,,,,11688,6004,14
2026-04-05T18:30:19Z,z14_x11688_y6006,43.22119,76.827393,,1.5,Low,61.6,2044,0,0,0,0,2044,100.0,0.0,0.0,0.0,0.0,,,,,,,,,11688,6006,14
2026-04-05T18:30:19Z,z14_x11688_y6007,43.205176,76.827393,,1.5,Low,61.6,113,0,0,0,0,113,100.0,0.0,0.0,0.0,0.0,,,,,,,,,11688,6007,14
2026-04-05T18:30:19Z,z14_x11688_y6008,43.189158,76.827393,,1.5,Low,61.6,3333,0,0,0,0,3333,100.0,0.0,0.0,0.0,0.0,,,,,,,,,11688,6008,14
2026-04-05T18:30:19Z,z14_x11688_y6009,43.173135,76.827393,,1.5,Low,61.6,564,0,0,0,0,564,100.0,0.0,0.0,0.0,0.0,,,,,,,,,11688,6009,14
2026-04-05T18:30:19Z,z14_x11689_y5999,43.333169,76.849365,,1.7,Low,60.2,1821,203,0,0,0,2024,89.97,10.03,0.0,0.0,0.0,,,,,,,,,11689,5999,14
2026-04-05T18:30:19Z,z14_x11689_y6000,43.317185,76.849365,,1.5,Low,61.6,75,0,0,0,0,75,100.0,0.0,0.0,0.0,0.0,,,,,,,,,11689,6000,14
2026-04-05T18:30:19Z,z14_x11689_y6001,43.301196,76.849365,,1.5,Low,61.6,1524,0,0,0,0,1524,100.0,0.0,0.0,0.0,0.0,,,,,,,,,11689,6001,14
2026-04-05T18:30:19Z,z14_x11689_y6002,43.285203,76.849365,,1.5,Low,61.6,1319,0,0,0,0,1319,100.0,0.0,0.0,0.0,0.0,,,,,,,,,11689,6002,14
2026-04-05T18:30:19Z,z14_x11689_y6003,43.269206,76.849365,,1.51,Low,61.5,1514,8,0,0,0,1522,99.47,0.53,0.0,0.0,0.0,,,,,,,,,11689,6003,14
2026-04-05T18:30:19Z,z14_x11689_y6004,43.253205,76.849365,,1.5,Low,61.6,2054,0,0,0,0,2054,100.0,0.0,0.0,0.0,0.0,,,,,,,,,11689,6004,14
2026-04-05T18:30:19Z,z14_x11689_y6005,43.237199,76.849365,,1.7,Low,60.2,3176,346,0,0,0,3522,90.18,9.82,0.0,0.0,0.0,,,,,,,,,11689,6005,14
2026-04-05T18:30:19Z,z14_x11689_y6006,43.22119,76.849365,,1.53,Low,61.3,3234,42,0,0,0,3276,98.72,1.28,0.0,0.0,0.0,,,,,,,,,11689,6006,14
2026-04-05T18:30:19Z,z14_x11689_y6007,43.205176,76.849365,,1.58,Low,61.0,3029,123,0,0,0,3152,96.1,3.9,0.0,0.0,0.0,,,,,,,,,11689,6007,14
2026-04-05T18:30:19Z,z14_x11689_y6008,43.189158,76.849365,,1.54,Low,61.3,7581,144,0,0,0,7725,98.14,1.86,0.0,0.0,0.0,,,,,,,,,11689,6008,14
2026-04-05T18:30:19Z,z14_x11689_y6009,43.173135,76.849365,,1.52,Low,61.4,5500,48,0,0,0,5548,99.13,0.87,0.0,0.0,0.0,,,,,,,,,11689,6009,14
2026-04-05T18:30:19Z,z14_x11690_y5999,43.333169,76.871338,,1.5,Low,61.6,203,0,0,0,0,203,100.0,0.0,0.0,0.0,0.0,,,,,,,,,11690,5999,14
2026-04-05T18:30:19Z,z14_x11690_y6000,43.317185,76.871338,,1.5,Low,61.6,3461,0,0,0,0,3461,100.0,0.0,0.0,0.0,0.0,,,,,,,,,11690,6000,14
2026-04-05T18:30:19Z,z14_x11690_y6001,43.301196,76.871338,,1.5,Low,61.6,1,0,0,0,0,1,100.0,0.0,0.0,0.0,0.0,,,,,,,,,11690,6001,14
2026-04-05T18:30:19Z,z14_x11690_y6002,43.285203,76.871338,,0.0,Unknown,0.0,0,0,0,0,0,0,0.0,0.0,0.0,0.0,0.0,,,,,,,,,11690,6002,14
2026-04-05T18:30:19Z,z14_x11690_y6003,43.269206,76.871338,,0.0,Unknown,0.0,0,0,0,0,0,0,0.0,0.0,0.0,0.0,0.0,,,,,,,,,11690,6003,14
2026-04-05T18:30:19Z,z14_x11690_y6004,43.253205,76.871338,,1.5,Low,61.6,1359,0,0,0,0,1359,100.0,0.0,0.0,0.0,0.0,,,,,,,,,11690,6004,14
2026-04-05T18:30:19Z,z14_x11690_y6005,43.237199,76.871338,,1.51,Low,61.5,3189,24,0,0,0,3213,99.25,0.75,0.0,0.0,0.0,,,,,,,,,11690,6005,14
2026-04-05T18:30:19Z,z14_x11690_y6006,43.22119,76.871338,,1.5,Low,61.6,1400,0,0,0,0,1400,100.0,0.0,0.0,0.0,0.0,,,,,,,,,11690,6006,14
2026-04-05T18:30:19Z,z14_x11690_y6007,43.205176,76.871338,,1.5,Low,61.6,596,0,0,0,0,596,100.0,0.0,0.0,0.0,0.0,,,,,,,,,11690,6007,14
2026-04-05T18:30:19Z,z14_x11690_y6008,43.189158,76.871338,,1.52,Low,61.4,5221,56,0,0,0,5277,98.94,1.06,0.0,0.0,0.0,,,,,,,,,11690,6008,14
2026-04-05T18:30:19Z,z14_x11690_y6009,43.173135,76.871338,,1.5,Low,61.6,6866,8,0,0,0,6874,99.88,0.12,0.0,0.0,0.0,,,,,,,,,11690,6009,14
2026-04-05T18:30:19Z,z14_x11691_y5999,43.333169,76.893311,,1.5,Low,61.6,1866,0,0,0,0,1866,100.0,0.0,0.0,0.0,0.0,,,,,,,,,11691,5999,14
2026-04-05T18:30:19Z,z14_x11691_y6000,43.317185,76.893311,,1.61,Low,60.8,3774,216,0,0,0,3990,94.59,5.41,0.0,0.0,0.0,,,,,,,,,11691,6000,14
2026-04-05T18:30:19Z,z14_x11691_y6003,43.269206,76.893311,,1.5,Low,61.6,855,0,0,0,0,855,100.0,0.0,0.0,0.0,0.0,,,,,,,,,11691,6003,14
2026-04-05T18:30:19Z,z14_x11691_y6004,43.253205,76.893311,,1.5,Low,61.6,4834,0,0,0,0,4834,100.0,0.0,0.0,0.0,0.0,,,,,,,,,11691,6004,14
2026-04-05T18:30:19Z,z14_x11691_y6005,43.237199,76.893311,,1.5,Low,61.6,6015,0,0,0,0,6015,100.0,0.0,0.0,0.0,0.0,,,,,,,,,11691,6005,14
2026-04-05T18:30:19Z,z14_x11691_y6006,43.22119,76.893311,,1.62,Low,60.7,5045,315,0,0,0,5360,94.12,5.88,0.0,0.0,0.0,,,,,,,,,11691,6006,14
2026-04-05T18:30:19Z,z14_x11691_y6007,43.205176,76.893311,,1.51,Low,61.5,4020,19,0,0,0,4039,99.53,0.47,0.0,0.0,0.0,,,,,,,,,11691,6007,14
2026-04-05T18:30:19Z,z14_x11691_y6008,43.189158,76.893311,,1.59,Low,60.9,2347,105,0,0,0,2452,95.72,4.28,0.0,0.0,0.0,,,,,,,,,11691,6008,14
2026-04-05T18:30:19Z,z14_x11691_y6009,43.173135,76.893311,,1.61,Low,60.8,2858,166,0,0,0,3024,94.51,5.49,0.0,0.0,0.0,,,,,,,,,11691,6009,14
2026-04-05T18:30:19Z,z14_x11692_y5996,43.381098,76.915283,,1.5,Low,61.6,478,0,0,0,0,478,100.0,0.0,0.0,0.0,0.0,,,,,,,,,11692,5996,14
2026-04-05T18:30:19Z,z14_x11692_y5997,43.365126,76.915283,,1.5,Low,61.6,1552,0,0,0,0,1552,100.0,0.0,0.0,0.0,0.0,,,,,,,,,11692,5997,14
2026-04-05T18:30:19Z,z14_x11692_y5998,43.34915,76.915283,,1.65,Low,60.5,1275,102,0,0,0,1377,92.59,7.41,0.0,0.0,0.0,,,,,,,,,11692,5998,14
2026-04-05T18:30:19Z,z14_x11692_y5999,43.333169,76.915283,,2.37,Low,55.6,692,528,0,0,0,1220,56.72,43.28,0.0,0.0,0.0,,,,,,,,,11692,5999,14
2026-04-05T18:30:19Z,z14_x11692_y6000,43.317185,76.915283,,1.58,Low,61.0,2662,110,0,0,0,2772,96.03,3.97,0.0,0.0,0.0,,,,,,,,,11692,6000,14
2026-04-05T18:30:19Z,z14_x11692_y6002,43.285203,76.915283,,1.5,Low,61.6,81,0,0,0,0,81,100.0,0.0,0.0,0.0,0.0,,,,,,,,,11692,6002,14
2026-04-05T18:30:19Z,z14_x11692_y6003,43.269206,76.915283,,1.5,Low,61.6,3991,0,0,0,0,3991,100.0,0.0,0.0,0.0,0.0,,,,,,,,,11692,6003,14
2026-04-05T18:30:19Z,z14_x11692_y6004,43.253205,76.915283,,1.53,Low,61.3,4839,76,0,0,0,4915,98.45,1.55,0.0,0.0,0.0,,,,,,,,,11692,6004,14
2026-04-05T18:30:19Z,z14_x11692_y6005,43.237199,76.915283,,1.5,Low,61.6,7672,0,0,0,0,7672,100.0,0.0,0.0,0.0,0.0,,,,,,,,,11692,6005,14
2026-04-05T18:30:19Z,z14_x11692_y6006,43.22119,76.915283,,1.58,Low,61.0,7544,330,0,0,0,7874,95.81,4.19,0.0,0.0,0.0,,,,,,,,,11692,6006,14
2026-04-05T18:30:19Z,z14_x11692_y6007,43.205176,76.915283,,1.6,Low,60.9,4272,220,0,0,0,4492,95.1,4.9,0.0,0.0,0.0,,,,,,,,,11692,6007,14
2026-04-05T18:30:19Z,z14_x11692_y6008,43.189158,76.915283,,1.5,Low,61.6,2262,0,0,0,0,2262,100.0,0.0,0.0,0.0,0.0,,,,,,,,,11692,6008,14
2026-04-05T18:30:19Z,z14_x11692_y6009,43.173135,76.915283,,1.5,Low,61.6,1981,0,0,0,0,1981,100.0,0.0,0.0,0.0,0.0,,,,,,,,,11692,6009,14
2026-04-05T18:30:19Z,z14_x11693_y5999,43.333169,76.937256,,1.5,Low,61.6,240,0,0,0,0,240,100.0,0.0,0.0,0.0,0.0,,,,,,,,,11693,5999,14
2026-04-05T18:30:19Z,z14_x11693_y6000,43.317185,76.937256,,1.66,Low,60.5,1715,149,0,0,0,1864,92.01,7.99,0.0,0.0,0.0,,,,,,,,,11693,6000,14
2026-04-05T18:30:19Z,z14_x11693_y6001,43.301196,76.937256,,1.5,Low,61.6,11,0,0,0,0,11,100.0,0.0,0.0,0.0,0.0,,,,,,,,,11693,6001,14
2026-04-05T18:30:19Z,z14_x11693_y6002,43.285203,76.937256,,1.5,Low,61.6,911,0,0,0,0,911,100.0,0.0,0.0,0.0,0.0,,,,,,,,,11693,6002,14
2026-04-05T18:30:19Z,z14_x11693_y6003,43.269206,76.937256,,1.5,Low,61.6,1388,0,0,0,0,1388,100.0,0.0,0.0,0.0,0.0,,,,,,,,,11693,6003,14
2026-04-05T18:30:19Z,z14_x11693_y6004,43.253205,76.937256,,1.5,Low,61.6,3274,0,0,0,0,3274,100.0,0.0,0.0,0.0,0.0,,,,,,,,,11693,6004,14
2026-04-05T18:30:19Z,z14_x11693_y6005,43.237199,76.937256,,1.5,Low,61.6,1994,0,0,0,0,1994,100.0,0.0,0.0,0.0,0.0,,,,,,,,,11693,6005,14
2026-04-05T18:30:19Z,z14_x11693_y6006,43.22119,76.937256,,1.5,Low,61.6,2777,0,0,0,0,2777,100.0,0.0,0.0,0.0,0.0,,,,,,,,,11693,6006,14
2026-04-05T18:30:19Z,z14_x11693_y6007,43.205176,76.937256,,1.5,Low,61.6,5618,0,0,0,0,5618,100.0,0.0,0.0,0.0,0.0,,,,,,,,,11693,6007,14
2026-04-05T18:30:19Z,z14_x11693_y6008,43.189158,76.937256,,1.5,Low,61.6,6072,0,0,0,0,6072,100.0,0.0,0.0,0.0,0.0,,,,,,,,,11693,6008,14
2026-04-05T18:30:19Z,z14_x11693_y6009,43.173135,76.937256,,1.5,Low,61.6,8572,10,0,0,0,8582,99.88,0.12,0.0,0.0,0.0,,,,,,,,,11693,6009,14
2026-04-05T18:30:19Z,z14_x11694_y6000,43.317185,76.959229,,1.5,Low,61.6,1296,0,0,0,0,1296,100.0,0.0,0.0,0.0,0.0,,,,,,,,,11694,6000,14
2026-04-05T18:30:19Z,z14_x11694_y6001,43.301196,76.959229,,1.5,Low,61.6,1577,0,0,0,0,1577,100.0,0.0,0.0,0.0,0.0,,,,,,,,,11694,6001,14
2026-04-05T18:30:19Z,z14_x11694_y6002,43.285203,76.959229,,1.5,Low,61.6,1401,0,0,0,0,1401,100.0,0.0,0.0,0.0,0.0,,,,,,,,,11694,6002,14
2026-04-05T18:30:19Z,z14_x11694_y6003,43.269206,76.959229,,1.5,Low,61.6,2050,0,0,0,0,2050,100.0,0.0,0.0,0.0,0.0,,,,,,,,,11694,6003,14
2026-04-05T18:30:19Z,z14_x11694_y6004,43.253205,76.959229,,1.5,Low,61.6,3751,0,0,0,0,3751,100.0,0.0,0.0,0.0,0.0,,,,,,,,,11694,6004,14
2026-04-05T18:30:19Z,z14_x11694_y6005,43.237199,76.959229,,1.51,Low,61.5,4696,27,0,0,0,4723,99.43,0.57,0.0,0.0,0.0,,,,,,,,,11694,6005,14
2026-04-05T18:30:19Z,z14_x11694_y6006,43.22119,76.959229,,1.56,Low,61.1,4713,134,0,0,0,4847,97.24,2.76,0.0,0.0,0.0,,,,,,,,,11694,6006,14
2026-04-05T18:30:19Z,z14_x11694_y6007,43.205176,76.959229,,1.51,Low,61.5,1370,4,0,0,0,1374,99.71,0.29,0.0,0.0,0.0,,,,,,,,,11694,6007,14
2026-04-05T18:30:19Z,z14_x11694_y6008,43.189158,76.959229,,1.58,Low,61.0,4580,192,0,0,0,4772,95.98,4.02,0.0,0.0,0.0,,,,,,,,,11694,6008,14
2026-04-05T18:30:19Z,z14_x11694_y6009,43.173135,76.959229,,1.5,Low,61.6,3387,0,0,0,0,3387,100.0,0.0,0.0,0.0,0.0,,,,,,,,,11694,6009,14
2026-04-05T18:30:19Z,z14_x11695_y6000,43.317185,76.981201,,1.5,Low,61.6,829,0,0,0,0,829,100.0,0.0,0.0,0.0,0.0,,,,,,,,,11695,6000,14
2026-04-05T18:30:19Z,z14_x11695_y6001,43.301196,76.981201,,1.5,Low,61.6,2090,0,0,0,0,2090,100.0,0.0,0.0,0.0,0.0,,,,,,,,,11695,6001,14
2026-04-05T18:30:19Z,z14_x11695_y6002,43.285203,76.981201,,1.5,Low,61.6,3405,0,0,0,0,3405,100.0,0.0,0.0,0.0,0.0,,,,,,,,,11695,6002,14
2026-04-05T18:30:19Z,z14_x11695_y6003,43.269206,76.981201,,1.92,Low,58.7,1364,358,0,0,0,1722,79.21,20.79,0.0,0.0,0.0,,,,,,,,,11695,6003,14
2026-04-05T18:30:19Z,z14_x11695_y6004,43.253205,76.981201,,1.65,Low,60.5,2767,225,0,0,0,2992,92.48,7.52,0.0,0.0,0.0,,,,,,,,,11695,6004,14
2026-04-05T18:30:19Z,z14_x11695_y6005,43.237199,76.981201,,1.51,Low,61.5,5939,44,0,0,0,5983,99.26,0.74,0.0,0.0,0.0,,,,,,,,,11695,6005,14
2026-04-05T18:30:19Z,z14_x11695_y6006,43.22119,76.981201,,1.5,Low,61.6,4099,0,0,0,0,4099,100.0,0.0,0.0,0.0,0.0,,,,,,,,,11695,6006,14
2026-04-05T18:30:19Z,z14_x11695_y6007,43.205176,76.981201,,1.5,Low,61.6,4940,0,0,0,0,4940,100.0,0.0,0.0,0.0,0.0,,,,,,,,,11695,6007,14
2026-04-05T18:30:19Z,z14_x11695_y6008,43.189158,76.981201,,1.5,Low,61.6,965,0,0,0,0,965,100.0,0.0,0.0,0.0,0.0,,,,,,,,,11695,6008,14
2026-04-05T18:30:19Z,z14_x11695_y6009,43.173135,76.981201,,1.51,Low,61.5,3157,10,0,0,0,3167,99.68,0.32,0.0,0.0,0.0,,,,,,,,,11695,6009,14
2026-04-05T18:30:19Z,z14_x11696_y5996,43.381098,77.003174,,1.5,Low,61.6,2501,0,0,0,0,2501,100.0,0.0,0.0,0.0,0.0,,,,,,,,,11696,5996,14
2026-04-05T18:30:19Z,z14_x11696_y5997,43.365126,77.003174,,1.5,Low,61.6,1914,0,0,0,0,1914,100.0,0.0,0.0,0.0,0.0,,,,,,,,,11696,5997,14
2026-04-05T18:30:19Z,z14_x11696_y5998,43.34915,77.003174,,1.5,Low,61.6,2002,0,0,0,0,2002,100.0,0.0,0.0,0.0,0.0,,,,,,,,,11696,5998,14
2026-04-05T18:30:19Z,z14_x11696_y5999,43.333169,77.003174,,1.5,Low,61.6,1838,0,0,0,0,1838,100.0,0.0,0.0,0.0,0.0,,,,,,,,,11696,5999,14
2026-04-05T18:30:19Z,z14_x11696_y6000,43.317185,77.003174,,1.5,Low,61.6,1838,0,0,0,0,1838,100.0,0.0,0.0,0.0,0.0,,,,,,,,,11696,6000,14
2026-04-05T18:30:19Z,z14_x11696_y6001,43.301196,77.003174,,1.81,Low,59.4,3232,596,0,0,0,3828,84.43,15.57,0.0,0.0,0.0,,,,,,,,,11696,6001,14
2026-04-05T18:30:19Z,z14_x11696_y6002,43.285203,77.003174,,0.0,Unknown,0.0,0,0,0,0,0,0,0.0,0.0,0.0,0.0,0.0,,,,,,,,,11696,6002,14
2026-04-05T18:30:19Z,z14_x11696_y6003,43.269206,77.003174,,1.5,Low,61.6,650,0,0,0,0,650,100.0,0.0,0.0,0.0,0.0,,,,,,,,,11696,6003,14
2026-04-05T18:30:19Z,z14_x11696_y6004,43.253205,77.003174,,1.5,Low,61.6,2316,0,0,0,0,2316,100.0,0.0,0.0,0.0,0.0,,,,,,,,,11696,6004,14
2026-04-05T18:30:19Z,z14_x11696_y6005,43.237199,77.003174,,1.5,Low,61.6,765,0,0,0,0,765,100.0,0.0,0.0,0.0,0.0,,,,,,,,,11696,6005,14
2026-04-05T18:30:19Z,z14_x11696_y6006,43.22119,77.003174,,1.5,Low,61.6,4801,0,0,0,0,4801,100.0,0.0,0.0,0.0,0.0,,,,,,,,,11696,6006,14
2026-04-05T18:30:19Z,z14_x11696_y6007,43.205176,77.003174,,1.5,Low,61.6,4113,0,0,0,0,4113,100.0,0.0,0.0,0.0,0.0,,,,,,,,,11696,6007,14
2026-04-05T18:30:19Z,z14_x11696_y6008,43.189158,77.003174,,1.53,Low,61.3,6485,105,0,0,0,6590,98.41,1.59,0.0,0.0,0.0,,,,,,,,,11696,6008,14
2026-04-05T18:30:19Z,z14_x11696_y6009,43.173135,77.003174,,1.52,Low,61.4,4383,55,0,0,0,4438,98.76,1.24,0.0,0.0,0.0,,,,,,,,,11696,6009,14
2026-04-05T18:30:19Z,z14_x11697_y5996,43.381098,77.025146,,1.5,Low,61.6,1666,0,0,0,0,1666,100.0,0.0,0.0,0.0,0.0,,,,,,,,,11697,5996,14
2026-04-05T18:30:19Z,z14_x11697_y5997,43.365126,77.025146,,1.5,Low,61.6,364,0,0,0,0,364,100.0,0.0,0.0,0.0,0.0,,,,,,,,,11697,5997,14
2026-04-05T18:30:19Z,z14_x11697_y5998,43.34915,77.025146,,1.5,Low,61.6,103,0,0,0,0,103,100.0,0.0,0.0,0.0,0.0,,,,,,,,,11697,5998,14
2026-04-05T18:30:19Z,z14_x11697_y5999,43.333169,77.025146,,1.5,Low,61.6,80,0,0,0,0,80,100.0,0.0,0.0,0.0,0.0,,,,,,,,,11697,5999,14
2026-04-05T18:30:19Z,z14_x11697_y6000,43.317185,77.025146,,1.5,Low,61.6,89,0,0,0,0,89,100.0,0.0,0.0,0.0,0.0,,,,,,,,,11697,6000,14
2026-04-05T18:30:19Z,z14_x11697_y6001,43.301196,77.025146,,1.73,Low,60.0,2503,328,0,0,0,2831,88.41,11.59,0.0,0.0,0.0,,,,,,,,,11697,6001,14
2026-04-05T18:30:19Z,z14_x11697_y6002,43.285203,77.025146,,1.67,Low,60.4,4911,462,0,0,0,5373,91.4,8.6,0.0,0.0,0.0,,,,,,,,,11697,6002,14
2026-04-05T18:30:19Z,z14_x11697_y6003,43.269206,77.025146,,1.65,Low,60.5,3895,318,0,0,0,4213,92.45,7.55,0.0,0.0,0.0,,,,,,,,,11697,6003,14
2026-04-05T18:30:19Z,z14_x11697_y6004,43.253205,77.025146,,1.61,Low,60.8,2517,151,0,0,0,2668,94.34,5.66,0.0,0.0,0.0,,,,,,,,,11697,6004,14
2026-04-05T18:30:19Z,z14_x11697_y6005,43.237199,77.025146,,1.53,Low,61.3,5579,80,0,0,0,5659,98.59,1.41,0.0,0.0,0.0,,,,,,,,,11697,6005,14
2026-04-05T18:30:19Z,z14_x11697_y6006,43.22119,77.025146,,1.53,Low,61.3,8833,140,0,0,0,8973,98.44,1.56,0.0,0.0,0.0,,,,,,,,,11697,6006,14
2026-04-05T18:30:19Z,z14_x11697_y6007,43.205176,77.025146,,1.51,Low,61.5,6663,36,0,0,0,6699,99.46,0.54,0.0,0.0,0.0,,,,,,,,,11697,6007,14
2026-04-05T18:30:19Z,z14_x11697_y6008,43.189158,77.025146,,1.5,Low,61.6,1177,0,0,0,0,1177,100.0,0.0,0.0,0.0,0.0,,,,,,,,,11697,6008,14
2026-04-05T18:30:19Z,z14_x11697_y6009,43.173135,77.025146,,1.5,Low,61.6,948,0,0,0,0,948,100.0,0.0,0.0,0.0,0.0,,,,,,,,,11697,6009,14
2026-04-05T18:30:19Z,z14_x11698_y5996,43.381098,77.047119,,1.79,Low,59.6,1638,279,0,0,0,1917,85.45,14.55,0.0,0.0,0.0,,,,,,,,,11698,5996,14
2026-04-05T18:30:19Z,z14_x11698_y5997,43.365126,77.047119,,1.65,Low,60.5,1340,106,0,0,0,1446,92.67,7.33,0.0,0.0,0.0,,,,,,,,,11698,5997,14
2026-04-05T18:30:19Z,z14_x11698_y5998,43.34915,77.047119,,1.57,Low,61.1,1874,73,0,0,0,1947,96.25,3.75,0.0,0.0,0.0,,,,,,,,,11698,5998,14
2026-04-05T18:30:19Z,z14_x11698_y5999,43.333169,77.047119,,1.85,Low,59.1,886,187,0,0,0,1073,82.57,17.43,0.0,0.0,0.0,,,,,,,,,11698,5999,14
2026-04-05T18:30:19Z,z14_x11698_y6000,43.317185,77.047119,,2.07,Low,57.6,1262,498,0,0,0,1760,71.7,28.3,0.0,0.0,0.0,,,,,,,,,11698,6000,14
2026-04-05T18:30:19Z,z14_x11698_y6001,43.301196,77.047119,,1.53,Low,61.3,3370,59,0,0,0,3429,98.28,1.72,0.0,0.0,0.0,,,,,,,,,11698,6001,14
2026-04-05T18:30:19Z,z14_x11698_y6002,43.285203,77.047119,,1.58,Low,61.0,6836,295,0,0,0,7131,95.86,4.14,0.0,0.0,0.0,,,,,,,,,11698,6002,14
2026-04-05T18:30:19Z,z14_x11698_y6003,43.269206,77.047119,,1.5,Low,61.6,843,0,0,0,0,843,100.0,0.0,0.0,0.0,0.0,,,,,,,,,11698,6003,14
2026-04-05T18:30:19Z,z14_x11698_y6004,43.253205,77.047119,,1.51,Low,61.5,4126,21,0,0,0,4147,99.49,0.51,0.0,0.0,0.0,,,,,,,,,11698,6004,14
2026-04-05T18:30:19Z,z14_x11698_y6005,43.237199,77.047119,,1.5,Low,61.6,1363,0,0,0,0,1363,100.0,0.0,0.0,0.0,0.0,,,,,,,,,11698,6005,14
2026-04-05T18:30:19Z,z14_x11698_y6006,43.22119,77.047119,,1.5,Low,61.6,2719,2,0,0,0,2721,99.93,0.07,0.0,0.0,0.0,,,,,,,,,11698,6006,14
2026-04-05T18:30:19Z,z14_x11698_y6007,43.205176,77.047119,,1.58,Low,61.0,2477,100,0,0,0,2577,96.12,3.88,0.0,0.0,0.0,,,,,,,,,11698,6007,14
2026-04-05T18:30:19Z,z14_x11698_y6008,43.189158,77.047119,,1.5,Low,61.6,1402,0,0,0,0,1402,100.0,0.0,0.0,0.0,0.0,,,,,,,,,11698,6008,14
2026-04-05T18:30:19Z,z14_x11698_y6009,43.173135,77.047119,,1.5,Low,61.6,1145,0,0,0,0,1145,100.0,0.0,0.0,0.0,0.0,,,,,,,,,11698,6009,14
2026-04-05T18:30:19Z,z14_x11699_y5996,43.381098,77.069092,,1.5,Low,61.6,686,0,0,0,0,686,100.0,0.0,0.0,0.0,0.0,,,,,,,,,11699,5996,14
2026-04-05T18:30:19Z,z14_x11699_y5997,43.365126,77.069092,,1.5,Low,61.6,55,0,0,0,0,55,100.0,0.0,0.0,0.0,0.0,,,,,,,,,11699,5997,14
2026-04-05T18:30:19Z,z14_x11699_y5998,43.34915,77.069092,,1.5,Low,61.6,199,0,0,0,0,199,100.0,0.0,0.0,0.0,0.0,,,,,,,,,11699,5998,14
2026-04-05T18:30:19Z,z14_x11699_y5999,43.333169,77.069092,,1.5,Low,61.6,1495,0,0,0,0,1495,100.0,0.0,0.0,0.0,0.0,,,,,,,,,11699,5999,14
2026-04-05T18:30:19Z,z14_x11699_y6000,43.317185,77.069092,,1.5,Low,61.6,327,0,0,0,0,327,100.0,0.0,0.0,0.0,0.0,,,,,,,,,11699,6000,14
2026-04-05T18:30:19Z,z14_x11699_y6001,43.301196,77.069092,,1.5,Low,61.6,382,0,0,0,0,382,100.0,0.0,0.0,0.0,0.0,,,,,,,,,11699,6001,14
2026-04-05T18:30:19Z,z14_x11699_y6002,43.285203,77.069092,,1.5,Low,61.6,1650,0,0,0,0,1650,100.0,0.0,0.0,0.0,0.0,,,,,,,,,11699,6002,14
2026-04-05T18:30:19Z,z14_x11699_y6003,43.269206,77.069092,,1.5,Low,61.6,3232,0,0,0,0,3232,100.0,0.0,0.0,0.0,0.0,,,,,,,,,11699,6003,14
2026-04-05T18:30:19Z,z14_x11699_y6004,43.253205,77.069092,,1.5,Low,61.6,1264,0,0,0,0,1264,100.0,0.0,0.0,0.0,0.0,,,,,,,,,11699,6004,14
2026-04-05T18:30:19Z,z14_x11699_y6005,43.237199,77.069092,,1.5,Low,61.6,2663,0,0,0,0,2663,100.0,0.0,0.0,0.0,0.0,,,,,,,,,11699,6005,14
2026-04-05T18:30:19Z,z14_x11699_y6006,43.22119,77.069092,,1.58,Low,61.0,2966,130,0,0,0,3096,95.8,4.2,0.0,0.0,0.0,,,,,,,,,11699,6006,14
2026-04-05T18:30:19Z,z14_x11699_y6007,43.205176,77.069092,,1.5,Low,61.6,4659,0,0,0,0,4659,100.0,0.0,0.0,0.0,0.0,,,,,,,,,11699,6007,14
2026-04-05T18:30:19Z,z14_x11699_y6008,43.189158,77.069092,,1.69,Low,60.2,3637,378,0,0,0,4015,90.59,9.41,0.0,0.0,0.0,,,,,,,,,11699,6008,14
2026-04-05T18:30:19Z,z14_x11699_y6009,43.173135,77.069092,,1.5,Low,61.6,3091,0,0,0,0,3091,100.0,0.0,0.0,0.0,0.0,,,,,,,,,11699,6009,14
2026-04-05T19:30:40Z,z14_x11688_y5999,43.333169,76.827393,,2.6,Low,54.0,626,763,0,0,0,1389,45.07,54.93,0.0,0.0,0.0,,,,,,,,,11688,5999,14
2026-04-05T19:30:40Z,z14_x11688_y6000,43.317185,76.827393,,1.5,Low,61.6,3655,0,0,0,0,3655,100.0,0.0,0.0,0.0,0.0,,,,,,,,,11688,6000,14
2026-04-05T19:30:40Z,z14_x11688_y6001,43.301196,76.827393,,1.5,Low,61.6,268,0,0,0,0,268,100.0,0.0,0.0,0.0,0.0,,,,,,,,,11688,6001,14
2026-04-05T19:30:40Z,z14_x11688_y6002,43.285203,76.827393,,1.5,Low,61.6,66,0,0,0,0,66,100.0,0.0,0.0,0.0,0.0,,,,,,,,,11688,6002,14
2026-04-05T19:30:40Z,z14_x11688_y6003,43.269206,76.827393,,1.5,Low,61.6,1745,0,0,0,0,1745,100.0,0.0,0.0,0.0,0.0,,,,,,,,,11688,6003,14
2026-04-05T19:30:40Z,z14_x11688_y6004,43.253205,76.827393,,1.5,Low,61.6,1162,0,0,0,0,1162,100.0,0.0,0.0,0.0,0.0,,,,,,,,,11688,6004,14
2026-04-05T19:30:40Z,z14_x11688_y6006,43.22119,76.827393,,1.5,Low,61.6,2044,0,0,0,0,2044,100.0,0.0,0.0,0.0,0.0,,,,,,,,,11688,6006,14
2026-04-05T19:30:40Z,z14_x11688_y6007,43.205176,76.827393,,1.5,Low,61.6,87,0,0,0,0,87,100.0,0.0,0.0,0.0,0.0,,,,,,,,,11688,6007,14
2026-04-05T19:30:40Z,z14_x11688_y6008,43.189158,76.827393,,1.5,Low,61.6,3034,0,0,0,0,3034,100.0,0.0,0.0,0.0,0.0,,,,,,,,,11688,6008,14
2026-04-05T19:30:40Z,z14_x11688_y6009,43.173135,76.827393,,1.5,Low,61.6,378,0,0,0,0,378,100.0,0.0,0.0,0.0,0.0,,,,,,,,,11688,6009,14
2026-04-05T19:30:40Z,z14_x11689_y5999,43.333169,76.849365,,1.57,Low,61.1,1856,71,0,0,0,1927,96.32,3.68,0.0,0.0,0.0,,,,,,,,,11689,5999,14
2026-04-05T19:30:40Z,z14_x11689_y6000,43.317185,76.849365,,1.5,Low,61.6,66,0,0,0,0,66,100.0,0.0,0.0,0.0,0.0,,,,,,,,,11689,6000,14
2026-04-05T19:30:40Z,z14_x11689_y6001,43.301196,76.849365,,1.5,Low,61.6,1524,0,0,0,0,1524,100.0,0.0,0.0,0.0,0.0,,,,,,,,,11689,6001,14
2026-04-05T19:30:40Z,z14_x11689_y6002,43.285203,76.849365,,1.5,Low,61.6,1319,0,0,0,0,1319,100.0,0.0,0.0,0.0,0.0,,,,,,,,,11689,6002,14
2026-04-05T19:30:40Z,z14_x11689_y6003,43.269206,76.849365,,1.5,Low,61.6,1442,0,0,0,0,1442,100.0,0.0,0.0,0.0,0.0,,,,,,,,,11689,6003,14
2026-04-05T19:30:40Z,z14_x11689_y6004,43.253205,76.849365,,1.5,Low,61.6,1968,0,0,0,0,1968,100.0,0.0,0.0,0.0,0.0,,,,,,,,,11689,6004,14
2026-04-05T19:30:40Z,z14_x11689_y6005,43.237199,76.849365,,1.6,Low,60.9,3017,161,0,0,0,3178,94.93,5.07,0.0,0.0,0.0,,,,,,,,,11689,6005,14
2026-04-05T19:30:40Z,z14_x11689_y6006,43.22119,76.849365,,1.5,Low,61.6,3173,0,0,0,0,3173,100.0,0.0,0.0,0.0,0.0,,,,,,,,,11689,6006,14
2026-04-05T19:30:40Z,z14_x11689_y6007,43.205176,76.849365,,1.57,Low,61.1,2891,110,0,0,0,3001,96.33,3.67,0.0,0.0,0.0,,,,,,,,,11689,6007,14
2026-04-05T19:30:40Z,z14_x11689_y6008,43.189158,76.849365,,1.51,Low,61.5,7245,23,0,0,0,7268,99.68,0.32,0.0,0.0,0.0,,,,,,,,,11689,6008,14
2026-04-05T19:30:40Z,z14_x11689_y6009,43.173135,76.849365,,1.55,Low,61.2,5268,140,0,0,0,5408,97.41,2.59,0.0,0.0,0.0,,,,,,,,,11689,6009,14
2026-04-05T19:30:40Z,z14_x11690_y5999,43.333169,76.871338,,1.5,Low,61.6,124,0,0,0,0,124,100.0,0.0,0.0,0.0,0.0,,,,,,,,,11690,5999,14
2026-04-05T19:30:40Z,z14_x11690_y6000,43.317185,76.871338,,1.54,Low,61.3,3324,67,0,0,0,3391,98.02,1.98,0.0,0.0,0.0,,,,,,,,,11690,6000,14
2026-04-05T19:30:40Z,z14_x11690_y6001,43.301196,76.871338,,1.5,Low,61.6,1,0,0,0,0,1,100.0,0.0,0.0,0.0,0.0,,,,,,,,,11690,6001,14
2026-04-05T19:30:40Z,z14_x11690_y6002,43.285203,76.871338,,0.0,Unknown,0.0,0,0,0,0,0,0,0.0,0.0,0.0,0.0,0.0,,,,,,,,,11690,6002,14
2026-04-05T19:30:40Z,z14_x11690_y6003,43.269206,76.871338,,0.0,Unknown,0.0,0,0,0,0,0,0,0.0,0.0,0.0,0.0,0.0,,,,,,,,,11690,6003,14
2026-04-05T19:30:40Z,z14_x11690_y6004,43.253205,76.871338,,1.5,Low,61.6,1429,0,0,0,0,1429,100.0,0.0,0.0,0.0,0.0,,,,,,,,,11690,6004,14
2026-04-05T19:30:40Z,z14_x11690_y6005,43.237199,76.871338,,1.5,Low,61.6,3273,0,0,0,0,3273,100.0,0.0,0.0,0.0,0.0,,,,,,,,,11690,6005,14
2026-04-05T19:30:40Z,z14_x11690_y6006,43.22119,76.871338,,1.5,Low,61.6,1533,0,0,0,0,1533,100.0,0.0,0.0,0.0,0.0,,,,,,,,,11690,6006,14
2026-04-05T19:30:40Z,z14_x11690_y6007,43.205176,76.871338,,1.5,Low,61.6,568,0,0,0,0,568,100.0,0.0,0.0,0.0,0.0,,,,,,,,,11690,6007,14
2026-04-05T19:30:40Z,z14_x11690_y6008,43.189158,76.871338,,1.52,Low,61.4,4884,56,0,0,0,4940,98.87,1.13,0.0,0.0,0.0,,,,,,,,,11690,6008,14
2026-04-05T19:30:40Z,z14_x11690_y6009,43.173135,76.871338,,1.5,Low,61.6,6268,9,0,0,0,6277,99.86,0.14,0.0,0.0,0.0,,,,,,,,,11690,6009,14
2026-04-05T19:30:40Z,z14_x11691_y5999,43.333169,76.893311,,1.5,Low,61.6,1958,0,0,0,0,1958,100.0,0.0,0.0,0.0,0.0,,,,,,,,,11691,5999,14
2026-04-05T19:30:40Z,z14_x11691_y6000,43.317185,76.893311,,1.76,Low,59.8,3370,504,0,0,0,3874,86.99,13.01,0.0,0.0,0.0,,,,,,,,,11691,6000,14
2026-04-05T19:30:40Z,z14_x11691_y6001,43.301196,76.893311,,1.5,Low,61.6,20,0,0,0,0,20,100.0,0.0,0.0,0.0,0.0,,,,,,,,,11691,6001,14
2026-04-05T19:30:40Z,z14_x11691_y6003,43.269206,76.893311,,1.5,Low,61.6,722,0,0,0,0,722,100.0,0.0,0.0,0.0,0.0,,,,,,,,,11691,6003,14
2026-04-05T19:30:40Z,z14_x11691_y6004,43.253205,76.893311,,1.5,Low,61.6,3996,0,0,0,0,3996,100.0,0.0,0.0,0.0,0.0,,,,,,,,,11691,6004,14
2026-04-05T19:30:40Z,z14_x11691_y6005,43.237199,76.893311,,1.5,Low,61.6,5744,0,0,0,0,5744,100.0,0.0,0.0,0.0,0.0,,,,,,,,,11691,6005,14
2026-04-05T19:30:40Z,z14_x11691_y6006,43.22119,76.893311,,1.64,Low,60.6,5351,394,0,0,0,5745,93.14,6.86,0.0,0.0,0.0,,,,,,,,,11691,6006,14
2026-04-05T19:30:40Z,z14_x11691_y6007,43.205176,76.893311,,1.58,Low,61.0,3663,159,0,0,0,3822,95.84,4.16,0.0,0.0,0.0,,,,,,,,,11691,6007,14
2026-04-05T19:30:40Z,z14_x11691_y6008,43.189158,76.893311,,1.5,Low,61.6,2146,1,0,0,0,2147,99.95,0.05,0.0,0.0,0.0,,,,,,,,,11691,6008,14
2026-04-05T19:30:40Z,z14_x11691_y6009,43.173135,76.893311,,1.58,Low,61.0,2854,116,0,0,0,2970,96.09,3.91,0.0,0.0,0.0,,,,,,,,,11691,6009,14
2026-04-05T19:30:40Z,z14_x11692_y5997,43.365126,76.915283,,1.5,Low,61.6,414,0,0,0,0,414,100.0,0.0,0.0,0.0,0.0,,,,,,,,,11692,5997,14
2026-04-05T19:30:40Z,z14_x11692_y5998,43.34915,76.915283,,1.6,Low,60.9,1101,61,0,0,0,1162,94.75,5.25,0.0,0.0,0.0,,,,,,,,,11692,5998,14
2026-04-05T19:30:40Z,z14_x11692_y5999,43.333169,76.915283,,2.28,Low,56.2,785,503,0,0,0,1288,60.95,39.05,0.0,0.0,0.0,,,,,,,,,11692,5999,14
2026-04-05T19:30:40Z,z14_x11692_y6000,43.317185,76.915283,,1.56,Low,61.1,2779,93,0,0,0,2872,96.76,3.24,0.0,0.0,0.0,,,,,,,,,11692,6000,14
2026-04-05T19:30:40Z,z14_x11692_y6002,43.285203,76.915283,,1.5,Low,61.6,149,0,0,0,0,149,100.0,0.0,0.0,0.0,0.0,,,,,,,,,11692,6002,14
2026-04-05T19:30:40Z,z14_x11692_y6003,43.269206,76.915283,,1.5,Low,61.6,3880,0,0,0,0,3880,100.0,0.0,0.0,0.0,0.0,,,,,,,,,11692,6003,14
2026-04-05T19:30:40Z,z14_x11692_y6004,43.253205,76.915283,,1.54,Low,61.3,4525,91,0,0,0,4616,98.03,1.97,0.0,0.0,0.0,,,,,,,,,11692,6004,14
2026-04-05T19:30:40Z,z14_x11692_y6005,43.237199,76.915283,,1.5,Low,61.6,7475,0,0,0,0,7475,100.0,0.0,0.0,0.0,0.0,,,,,,,,,11692,6005,14
2026-04-05T19:30:40Z,z14_x11692_y6006,43.22119,76.915283,,1.54,Low,61.3,7767,168,0,0,0,7935,97.88,2.12,0.0,0.0,0.0,,,,,,,,,11692,6006,14
2026-04-05T19:30:40Z,z14_x11692_y6007,43.205176,76.915283,,1.6,Low,60.9,4173,226,0,0,0,4399,94.86,5.14,0.0,0.0,0.0,,,,,,,,,11692,6007,14
2026-04-05T19:30:40Z,z14_x11692_y6008,43.189158,76.915283,,1.5,Low,61.6,2354,0,0,0,0,2354,100.0,0.0,0.0,0.0,0.0,,,,,,,,,11692,6008,14
2026-04-05T19:30:40Z,z14_x11692_y6009,43.173135,76.915283,,1.54,Low,61.3,1924,39,0,0,0,1963,98.01,1.99,0.0,0.0,0.0,,,,,,,,,11692,6009,14
2026-04-05T19:30:40Z,z14_x11693_y5999,43.333169,76.937256,,1.5,Low,61.6,162,0,0,0,0,162,100.0,0.0,0.0,0.0,0.0,,,,,,,,,11693,5999,14
2026-04-05T19:30:40Z,z14_x11693_y6000,43.317185,76.937256,,1.67,Low,60.4,1593,149,0,0,0,1742,91.45,8.55,0.0,0.0,0.0,,,,,,,,,11693,6000,14
2026-04-05T19:30:40Z,z14_x11693_y6001,43.301196,76.937256,,1.5,Low,61.6,11,0,0,0,0,11,100.0,0.0,0.0,0.0,0.0,,,,,,,,,11693,6001,14
2026-04-05T19:30:40Z,z14_x11693_y6002,43.285203,76.937256,,1.5,Low,61.6,886,0,0,0,0,886,100.0,0.0,0.0,0.0,0.0,,,,,,,,,11693,6002,14
2026-04-05T19:30:40Z,z14_x11693_y6003,43.269206,76.937256,,1.5,Low,61.6,1177,0,0,0,0,1177,100.0,0.0,0.0,0.0,0.0,,,,,,,,,11693,6003,14
2026-04-05T19:30:40Z,z14_x11693_y6004,43.253205,76.937256,,1.69,Low,60.2,2249,230,0,0,0,2479,90.72,9.28,0.0,0.0,0.0,,,,,,,,,11693,6004,14
2026-04-05T19:30:40Z,z14_x11693_y6005,43.237199,76.937256,,1.5,Low,61.6,1995,0,0,0,0,1995,100.0,0.0,0.0,0.0,0.0,,,,,,,,,11693,6005,14
2026-04-05T19:30:40Z,z14_x11693_y6006,43.22119,76.937256,,1.5,Low,61.6,2886,0,0,0,0,2886,100.0,0.0,0.0,0.0,0.0,,,,,,,,,11693,6006,14
2026-04-05T19:30:40Z,z14_x11693_y6007,43.205176,76.937256,,1.5,Low,61.6,5438,0,0,0,0,5438,100.0,0.0,0.0,0.0,0.0,,,,,,,,,11693,6007,14
2026-04-05T19:30:40Z,z14_x11693_y6008,43.189158,76.937256,,1.5,Low,61.6,5451,0,0,0,0,5451,100.0,0.0,0.0,0.0,0.0,,,,,,,,,11693,6008,14
2026-04-05T19:30:40Z,z14_x11693_y6009,43.173135,76.937256,,1.5,Low,61.6,8643,8,0,0,0,8651,99.91,0.09,0.0,0.0,0.0,,,,,,,,,11693,6009,14
2026-04-05T19:30:40Z,z14_x11694_y6000,43.317185,76.959229,,1.5,Low,61.6,1106,0,0,0,0,1106,100.0,0.0,0.0,0.0,0.0,,,,,,,,,11694,6000,14
2026-04-05T19:30:40Z,z14_x11694_y6001,43.301196,76.959229,,1.59,Low,60.9,1445,72,0,0,0,1517,95.25,4.75,0.0,0.0,0.0,,,,,,,,,11694,6001,14
2026-04-05T19:30:40Z,z14_x11694_y6002,43.285203,76.959229,,1.5,Low,61.6,1723,0,0,0,0,1723,100.0,0.0,0.0,0.0,0.0,,,,,,,,,11694,6002,14
2026-04-05T19:30:40Z,z14_x11694_y6003,43.269206,76.959229,,1.5,Low,61.6,1870,0,0,0,0,1870,100.0,0.0,0.0,0.0,0.0,,,,,,,,,11694,6003,14
2026-04-05T19:30:40Z,z14_x11694_y6004,43.253205,76.959229,,1.67,Low,60.4,3161,301,0,0,0,3462,91.31,8.69,0.0,0.0,0.0,,,,,,,,,11694,6004,14
2026-04-05T19:30:40Z,z14_x11694_y6005,43.237199,76.959229,,1.5,Low,61.6,4064,0,0,0,0,4064,100.0,0.0,0.0,0.0,0.0,,,,,,,,,11694,6005,14
2026-04-05T19:30:40Z,z14_x11694_y6006,43.22119,76.959229,,1.5,Low,61.6,4769,10,0,0,0,4779,99.79,0.21,0.0,0.0,0.0,,,,,,,,,11694,6006,14
2026-04-05T19:30:40Z,z14_x11694_y6007,43.205176,76.959229,,1.5,Low,61.6,1201,0,0,0,0,1201,100.0,0.0,0.0,0.0,0.0,,,,,,,,,11694,6007,14
2026-04-05T19:30:40Z,z14_x11694_y6008,43.189158,76.959229,,1.59,Low,60.9,4262,192,0,0,0,4454,95.69,4.31,0.0,0.0,0.0,,,,,,,,,11694,6008,14
2026-04-05T19:30:40Z,z14_x11694_y6009,43.173135,76.959229,,1.5,Low,61.6,3072,0,0,0,0,3072,100.0,0.0,0.0,0.0,0.0,,,,,,,,,11694,6009,14
2026-04-05T19:30:40Z,z14_x11695_y6000,43.317185,76.981201,,1.5,Low,61.6,668,0,0,0,0,668,100.0,0.0,0.0,0.0,0.0,,,,,,,,,11695,6000,14
2026-04-05T19:30:40Z,z14_x11695_y6001,43.301196,76.981201,,1.5,Low,61.6,2089,0,0,0,0,2089,100.0,0.0,0.0,0.0,0.0,,,,,,,,,11695,6001,14
2026-04-05T19:30:40Z,z14_x11695_y6002,43.285203,76.981201,,1.5,Low,61.6,3405,0,0,0,0,3405,100.0,0.0,0.0,0.0,0.0,,,,,,,,,11695,6002,14
2026-04-05T19:30:40Z,z14_x11695_y6003,43.269206,76.981201,,1.86,Low,59.1,1551,339,0,0,0,1890,82.06,17.94,0.0,0.0,0.0,,,,,,,,,11695,6003,14
2026-04-05T19:30:40Z,z14_x11695_y6004,43.253205,76.981201,,1.69,Low,60.2,2530,265,0,0,0,2795,90.52,9.48,0.0,0.0,0.0,,,,,,,,,11695,6004,14
2026-04-05T19:30:40Z,z14_x11695_y6005,43.237199,76.981201,,1.58,Low,61.0,5452,241,0,0,0,5693,95.77,4.23,0.0,0.0,0.0,,,,,,,,,11695,6005,14
2026-04-05T19:30:40Z,z14_x11695_y6006,43.22119,76.981201,,1.53,Low,61.3,3826,66,0,0,0,3892,98.3,1.7,0.0,0.0,0.0,,,,,,,,,11695,6006,14
2026-04-05T19:30:40Z,z14_x11695_y6007,43.205176,76.981201,,1.5,Low,61.6,4513,0,0,0,0,4513,100.0,0.0,0.0,0.0,0.0,,,,,,,,,11695,6007,14
2026-04-05T19:30:40Z,z14_x11695_y6008,43.189158,76.981201,,1.5,Low,61.6,1112,0,0,0,0,1112,100.0,0.0,0.0,0.0,0.0,,,,,,,,,11695,6008,14
2026-04-05T19:30:40Z,z14_x11695_y6009,43.173135,76.981201,,1.5,Low,61.6,3129,0,0,0,0,3129,100.0,0.0,0.0,0.0,0.0,,,,,,,,,11695,6009,14
2026-04-05T19:30:40Z,z14_x11696_y5996,43.381098,77.003174,,1.5,Low,61.6,2379,0,0,0,0,2379,100.0,0.0,0.0,0.0,0.0,,,,,,,,,11696,5996,14
2026-04-05T19:30:40Z,z14_x11696_y5997,43.365126,77.003174,,1.5,Low,61.6,1867,0,0,0,0,1867,100.0,0.0,0.0,0.0,0.0,,,,,,,,,11696,5997,14
2026-04-05T19:30:40Z,z14_x11696_y5998,43.34915,77.003174,,1.5,Low,61.6,2153,0,0,0,0,2153,100.0,0.0,0.0,0.0,0.0,,,,,,,,,11696,5998,14
2026-04-05T19:30:40Z,z14_x11696_y5999,43.333169,77.003174,,1.5,Low,61.6,1838,0,0,0,0,1838,100.0,0.0,0.0,0.0,0.0,,,,,,,,,11696,5999,14
2026-04-05T19:30:40Z,z14_x11696_y6000,43.317185,77.003174,,1.5,Low,61.6,1838,0,0,0,0,1838,100.0,0.0,0.0,0.0,0.0,,,,,,,,,11696,6000,14
2026-04-05T19:30:40Z,z14_x11696_y6001,43.301196,77.003174,,1.59,Low,60.9,3848,181,0,0,0,4029,95.51,4.49,0.0,0.0,0.0,,,,,,,,,11696,6001,14
2026-04-05T19:30:40Z,z14_x11696_y6002,43.285203,77.003174,,0.0,Unknown,0.0,0,0,0,0,0,0,0.0,0.0,0.0,0.0,0.0,,,,,,,,,11696,6002,14
2026-04-05T19:30:40Z,z14_x11696_y6003,43.269206,77.003174,,1.5,Low,61.6,650,0,0,0,0,650,100.0,0.0,0.0,0.0,0.0,,,,,,,,,11696,6003,14
2026-04-05T19:30:40Z,z14_x11696_y6004,43.253205,77.003174,,1.57,Low,61.1,2168,74,0,0,0,2242,96.7,3.3,0.0,0.0,0.0,,,,,,,,,11696,6004,14
2026-04-05T19:30:40Z,z14_x11696_y6005,43.237199,77.003174,,1.5,Low,61.6,842,0,0,0,0,842,100.0,0.0,0.0,0.0,0.0,,,,,,,,,11696,6005,14
2026-04-05T19:30:40Z,z14_x11696_y6006,43.22119,77.003174,,1.5,Low,61.6,5204,0,0,0,0,5204,100.0,0.0,0.0,0.0,0.0,,,,,,,,,11696,6006,14
2026-04-05T19:30:40Z,z14_x11696_y6007,43.205176,77.003174,,1.51,Low,61.5,3807,12,0,0,0,3819,99.69,0.31,0.0,0.0,0.0,,,,,,,,,11696,6007,14
2026-04-05T19:30:40Z,z14_x11696_y6008,43.189158,77.003174,,1.55,Low,61.2,6197,159,0,0,0,6356,97.5,2.5,0.0,0.0,0.0,,,,,,,,,11696,6008,14
2026-04-05T19:30:40Z,z14_x11696_y6009,43.173135,77.003174,,1.57,Low,61.1,4334,158,0,0,0,4492,96.48,3.52,0.0,0.0,0.0,,,,,,,,,11696,6009,14
2026-04-05T19:30:40Z,z14_x11697_y5996,43.381098,77.025146,,1.5,Low,61.6,1617,0,0,0,0,1617,100.0,0.0,0.0,0.0,0.0,,,,,,,,,11697,5996,14
2026-04-05T19:30:40Z,z14_x11697_y5997,43.365126,77.025146,,1.5,Low,61.6,319,0,0,0,0,319,100.0,0.0,0.0,0.0,0.0,,,,,,,,,11697,5997,14
2026-04-05T19:30:40Z,z14_x11697_y5998,43.34915,77.025146,,1.5,Low,61.6,103,0,0,0,0,103,100.0,0.0,0.0,0.0,0.0,,,,,,,,,11697,5998,14
2026-04-05T19:30:40Z,z14_x11697_y5999,43.333169,77.025146,,1.5,Low,61.6,80,0,0,0,0,80,100.0,0.0,0.0,0.0,0.0,,,,,,,,,11697,5999,14
2026-04-05T19:30:40Z,z14_x11697_y6000,43.317185,77.025146,,1.5,Low,61.6,107,0,0,0,0,107,100.0,0.0,0.0,0.0,0.0,,,,,,,,,11697,6000,14
2026-04-05T19:30:40Z,z14_x11697_y6001,43.301196,77.025146,,1.68,Low,60.3,2187,221,0,0,0,2408,90.82,9.18,0.0,0.0,0.0,,,,,,,,,11697,6001,14
2026-04-05T19:30:40Z,z14_x11697_y6002,43.285203,77.025146,,1.63,Low,60.7,4648,326,0,0,0,4974,93.45,6.55,0.0,0.0,0.0,,,,,,,,,11697,6002,14
2026-04-05T19:30:40Z,z14_x11697_y6003,43.269206,77.025146,,1.64,Low,60.6,4019,310,0,0,0,4329,92.84,7.16,0.0,0.0,0.0,,,,,,,,,11697,6003,14
2026-04-05T19:30:40Z,z14_x11697_y6004,43.253205,77.025146,,1.61,Low,60.8,2525,149,0,0,0,2674,94.43,5.57,0.0,0.0,0.0,,,,,,,,,11697,6004,14
2026-04-05T19:30:40Z,z14_x11697_y6005,43.237199,77.025146,,1.5,Low,61.6,5623,9,0,0,0,5632,99.84,0.16,0.0,0.0,0.0,,,,,,,,,11697,6005,14
2026-04-05T19:30:40Z,z14_x11697_y6006,43.22119,77.025146,,1.52,Low,61.4,8926,100,0,0,0,9026,98.89,1.11,0.0,0.0,0.0,,,,,,,,,11697,6006,14
2026-04-05T19:30:40Z,z14_x11697_y6007,43.205176,77.025146,,1.51,Low,61.5,6165,38,0,0,0,6203,99.39,0.61,0.0,0.0,0.0,,,,,,,,,11697,6007,14
2026-04-05T19:30:40Z,z14_x11697_y6008,43.189158,77.025146,,1.5,Low,61.6,1344,0,0,0,0,1344,100.0,0.0,0.0,0.0,0.0,,,,,,,,,11697,6008,14
2026-04-05T19:30:40Z,z14_x11697_y6009,43.173135,77.025146,,1.5,Low,61.6,1055,0,0,0,0,1055,100.0,0.0,0.0,0.0,0.0,,,,,,,,,11697,6009,14
2026-04-05T19:30:40Z,z14_x11698_y5996,43.381098,77.047119,,1.69,Low,60.2,1983,211,0,0,0,2194,90.38,9.62,0.0,0.0,0.0,,,,,,,,,11698,5996,14
2026-04-05T19:30:40Z,z14_x11698_y5997,43.365126,77.047119,,1.58,Low,61.0,1448,58,0,0,0,1506,96.15,3.85,0.0,0.0,0.0,,,,,,,,,11698,5997,14
2026-04-05T19:30:40Z,z14_x11698_y5998,43.34915,77.047119,,1.5,Low,61.6,2074,0,0,0,0,2074,100.0,0.0,0.0,0.0,0.0,,,,,,,,,11698,5998,14
2026-04-05T19:30:40Z,z14_x11698_y5999,43.333169,77.047119,,1.65,Low,60.5,1097,87,0,0,0,1184,92.65,7.35,0.0,0.0,0.0,,,,,,,,,11698,5999,14
2026-04-05T19:30:40Z,z14_x11698_y6000,43.317185,77.047119,,1.73,Low,60.0,2078,264,0,0,0,2342,88.73,11.27,0.0,0.0,0.0,,,,,,,,,11698,6000,14
2026-04-05T19:30:40Z,z14_x11698_y6001,43.301196,77.047119,,1.54,Low,61.3,3363,71,0,0,0,3434,97.93,2.07,0.0,0.0,0.0,,,,,,,,,11698,6001,14
2026-04-05T19:30:40Z,z14_x11698_y6002,43.285203,77.047119,,1.56,Low,61.1,6850,199,0,0,0,7049,97.18,2.82,0.0,0.0,0.0,,,,,,,,,11698,6002,14
2026-04-05T19:30:40Z,z14_x11698_y6003,43.269206,77.047119,,1.62,Low,60.7,812,51,0,0,0,863,94.09,5.91,0.0,0.0,0.0,,,,,,,,,11698,6003,14
2026-04-05T19:30:40Z,z14_x11698_y6004,43.253205,77.047119,,1.5,Low,61.6,3458,0,0,0,0,3458,100.0,0.0,0.0,0.0,0.0,,,,,,,,,11698,6004,14
2026-04-05T19:30:40Z,z14_x11698_y6005,43.237199,77.047119,,1.5,Low,61.6,906,0,0,0,0,906,100.0,0.0,0.0,0.0,0.0,,,,,,,,,11698,6005,14
2026-04-05T19:30:40Z,z14_x11698_y6006,43.22119,77.047119,,1.5,Low,61.6,2657,2,0,0,0,2659,99.92,0.08,0.0,0.0,0.0,,,,,,,,,11698,6006,14
2026-04-05T19:30:40Z,z14_x11698_y6007,43.205176,77.047119,,1.5,Low,61.6,2613,0,0,0,0,2613,100.0,0.0,0.0,0.0,0.0,,,,,,,,,11698,6007,14
2026-04-05T19:30:40Z,z14_x11698_y6008,43.189158,77.047119,,1.5,Low,61.6,1402,0,0,0,0,1402,100.0,0.0,0.0,0.0,0.0,,,,,,,,,11698,6008,14
2026-04-05T19:30:40Z,z14_x11698_y6009,43.173135,77.047119,,1.5,Low,61.6,1162,0,0,0,0,1162,100.0,0.0,0.0,0.0,0.0,,,,,,,,,11698,6009,14
2026-04-05T19:30:40Z,z14_x11699_y5996,43.381098,77.069092,,1.5,Low,61.6,544,0,0,0,0,544,100.0,0.0,0.0,0.0,0.0,,,,,,,,,11699,5996,14
2026-04-05T19:30:40Z,z14_x11699_y5997,43.365126,77.069092,,0.0,Unknown,0.0,0,0,0,0,0,0,0.0,0.0,0.0,0.0,0.0,,,,,,,,,11699,5997,14
2026-04-05T19:30:40Z,z14_x11699_y5998,43.34915,77.069092,,1.5,Low,61.6,199,0,0,0,0,199,100.0,0.0,0.0,0.0,0.0,,,,,,,,,11699,5998,14
2026-04-05T19:30:40Z,z14_x11699_y5999,43.333169,77.069092,,1.5,Low,61.6,1370,0,0,0,0,1370,100.0,0.0,0.0,0.0,0.0,,,,,,,,,11699,5999,14
2026-04-05T19:30:40Z,z14_x11699_y6000,43.317185,77.069092,,1.5,Low,61.6,203,0,0,0,0,203,100.0,0.0,0.0,0.0,0.0,,,,,,,,,11699,6000,14
2026-04-05T19:30:40Z,z14_x11699_y6001,43.301196,77.069092,,1.5,Low,61.6,527,0,0,0,0,527,100.0,0.0,0.0,0.0,0.0,,,,,,,,,11699,6001,14
2026-04-05T19:30:40Z,z14_x11699_y6002,43.285203,77.069092,,1.5,Low,61.6,1667,0,0,0,0,1667,100.0,0.0,0.0,0.0,0.0,,,,,,,,,11699,6002,14
2026-04-05T19:30:40Z,z14_x11699_y6003,43.269206,77.069092,,1.5,Low,61.6,2719,0,0,0,0,2719,100.0,0.0,0.0,0.0,0.0,,,,,,,,,11699,6003,14
2026-04-05T19:30:40Z,z14_x11699_y6004,43.253205,77.069092,,1.5,Low,61.6,1342,0,0,0,0,1342,100.0,0.0,0.0,0.0,0.0,,,,,,,,,11699,6004,14
2026-04-05T19:30:40Z,z14_x11699_y6005,43.237199,77.069092,,1.5,Low,61.6,2652,0,0,0,0,2652,100.0,0.0,0.0,0.0,0.0,,,,,,,,,11699,6005,14
2026-04-05T19:30:40Z,z14_x11699_y6006,43.22119,77.069092,,1.53,Low,61.3,2644,34,0,0,0,2678,98.73,1.27,0.0,0.0,0.0,,,,,,,,,11699,6006,14
2026-04-05T19:30:40Z,z14_x11699_y6007,43.205176,77.069092,,1.5,Low,61.6,4462,0,0,0,0,4462,100.0,0.0,0.0,0.0,0.0,,,,,,,,,11699,6007,14
2026-04-05T19:30:40Z,z14_x11699_y6008,43.189158,77.069092,,1.5,Low,61.6,3994,0,0,0,0,3994,100.0,0.0,0.0,0.0,0.0,,,,,,,,,11699,6008,14
2026-04-05T19:30:40Z,z14_x11699_y6009,43.173135,77.069092,,1.55,Low,61.2,2994,84,0,0,0,3078,97.27,2.73,0.0,0.0,0.0,,,,,,,,,11699,6009,14
